attack_type,rows,unique_core_vectors,source_files,vendors,unique_rate
ackflood,5000,50,4,3,0.01
ackpflood,997,1,1,1,0.0010030090270812437
benign,5000,2053,40,3,0.4106
fraggle,5000,1143,5,3,0.2286
icmpbig,4833,3,3,3,0.0006207324643078833
icmpflood,5000,2,3,3,0.0004
land,2322,1,1,1,0.0004306632213608958
pingofdeath,5000,2780,3,3,0.556
routeip,4674,3,2,2,0.0006418485237483953
smurf,5000,1361,4,3,0.2722
syn,2399,3,1,1,0.0012505210504376823
synflood,5000,9,1,1,0.0018
tcp,5000,8,4,1,0.0016
tcpall,2821,2,1,1,0.0007089684509039348
tcpfin1,2385,2,1,1,0.0008385744234800838
teardrop,2370,51,1,1,0.021518987341772152
winnuke,5000,2571,4,3,0.5142
