attack_type,rows,vendors,source_files,vendor_names,source_disjoint_generalization_possible
ackflood,5000,3,4,"ABB,Schneider,Siemens",True
ackpflood,997,1,1,Schneider,False
benign,5000,3,40,"ABB,Schneider,Siemens",True
fraggle,5000,3,5,"ABB,Schneider,Siemens",True
icmpbig,4833,3,3,"ABB,Schneider,Siemens",True
icmpflood,5000,3,3,"ABB,Schneider,Siemens",True
land,2322,1,1,Schneider,False
pingofdeath,5000,3,3,"ABB,Schneider,Siemens",True
routeip,4674,2,2,"ABB,Schneider",True
smurf,5000,3,4,"ABB,Schneider,Siemens",True
syn,2399,1,1,Schneider,False
synflood,5000,1,1,Schneider,False
tcp,5000,1,4,Schneider,True
tcpall,2821,1,1,ABB,False
tcpfin1,2385,1,1,ABB,False
teardrop,2370,1,1,Schneider,False
winnuke,5000,3,4,"ABB,Schneider,Siemens",True
