core_signature,rows,n_labels,labels,is_cross_label_conflict
2073583631015966003,5105,4,"ackflood,benign,syn,synflood",True
8930677398266448175,4057,3,"benign,tcp,tcpall",True
13966764761862632404,3890,3,"benign,icmpflood,smurf",True
12055112387189215594,3579,2,"fraggle,smurf",True
18430480378753417799,3530,4,"ackflood,benign,syn,synflood",True
15718729196257814719,2893,3,"benign,tcp,tcpall",True
17081051250668275505,2319,2,"ackflood,ackpflood",True
1351155950885306361,2175,2,"tcp,tcpfin1",True
11133882521660398821,1447,2,"tcp,tcpfin1",True
14629289736627164956,727,2,"benign,fraggle",True
10414533937113350193,69,2,"benign,fraggle",True
241889517855461338,59,2,"benign,winnuke",True
8931686003590459014,56,2,"benign,winnuke",True
8741473502103911686,50,4,"fraggle,routeip,syn,tcp",True
4188801478329204439,40,2,"ackflood,benign",True
13334871484578025576,37,2,"ackflood,benign",True
4729666952619611321,32,2,"benign,fraggle",True
11087693440326159142,31,5,"fraggle,icmpbig,pingofdeath,smurf,teardrop",True
1254595545102332026,24,2,"benign,winnuke",True
15053327338816567111,22,2,"benign,fraggle",True
11370643901252318199,21,3,"benign,fraggle,winnuke",True
8907928551622929802,14,2,"benign,fraggle",True
11544492653317145203,13,2,"benign,tcp",True
1828708677558339048,11,3,"benign,fraggle,winnuke",True
9128628635703709791,7,2,"benign,fraggle",True
3229785351669965236,4,3,"benign,fraggle,winnuke",True
13695723625580643784,2,2,"benign,fraggle",True
