source_file,rows,vendors,n_labels,labels,filename_family,observed_attack_labels,review_flag
ABB_LONG_ackflood_faster_1_01-.csv,1225,ABB,2,"ackflood,benign",ackflood,ackflood,
ABB_LONG_icmpflood_faster_1_01-.csv,1682,ABB,2,"benign,icmpflood",icmpflood,icmpflood,
ABB_LONG_synflood_faster_1_01-.csv,1267,ABB,2,"ackflood,benign",synflood,ackflood,REVIEW_FILENAME_LABEL_ONTOLOGY
ABB_fraggle_faster_0715_01_.csv,514,ABB,2,"benign,fraggle",fraggle,fraggle,
ABB_icmpbig_0715_.csv,2583,ABB,2,"benign,icmpbig",icmpbig,icmpbig,
ABB_nmap_0715_.csv,95,ABB,1,benign,nmap,,
ABB_pingofdeath_0715_.csv,1893,ABB,2,"benign,pingofdeath",pingofdeath,pingofdeath,
ABB_portscan_0715.csv,183,ABB,1,benign,portscan,,
ABB_routeIP_0716.csv,2435,ABB,2,"benign,routeip",routeip,routeip,
ABB_smurf_faster_0715_01_.csv,513,ABB,2,"benign,smurf",smurf,smurf,
ABB_tcpall0_0715(1).csv,2962,ABB,2,"benign,tcpall",tcpall,tcpall,
ABB_tcpfin1_0715-.csv,2530,ABB,2,"benign,tcpfin1",tcpfin1,tcpfin1,
ABB_tcpsynfin0_0715(1).csv,150,ABB,1,benign,tcpsynfin0,,
ABB_tcpsynfin0_0715-.csv,128,ABB,1,benign,tcpsynfin0,,
ABB_teardrop_fast_0715.csv,127,ABB,1,benign,teardrop,,
ABB_winNuke_faster_0715_part1.csv,416,ABB,2,"benign,winnuke",winnuke,winnuke,
Schneider_ackflood_fast_0710-.csv,997,Schneider,1,ackpflood,ackflood,ackpflood,REVIEW_FILENAME_LABEL_ONTOLOGY
Schneider_ackflood_faster_0723_part1(1).csv,2469,Schneider,2,"ackflood,benign",ackflood,ackflood,
Schneider_fraggle_fast_0710-.csv,1826,Schneider,2,"benign,fraggle",fraggle,fraggle,
Schneider_fraggle_faster_0710_01_.csv,436,Schneider,1,fraggle,fraggle,fraggle,
Schneider_icmpbig_fast_0710-.csv,2436,Schneider,1,icmpbig,icmpbig,icmpbig,
Schneider_icmpflood_faster_0723_part1_.csv,1667,Schneider,1,icmpflood,icmpflood,icmpflood,
Schneider_land_fast_0710-.csv,2324,Schneider,2,"benign,land",land,land,
Schneider_pingofdeath_0710-.csv,1667,Schneider,1,pingofdeath,pingofdeath,pingofdeath,
Schneider_routeIP_fast_0710.csv,2376,Schneider,1,routeip,routeip,routeip,
Schneider_smurf_fast_0710.csv,3574,Schneider,1,smurf,smurf,smurf,
Schneider_smurf_faster_0710_01_.csv,463,Schneider,2,"benign,smurf",smurf,smurf,
Schneider_synflood_fast_0710.csv,2400,Schneider,2,"benign,syn",synflood,syn,REVIEW_FILENAME_LABEL_ONTOLOGY
Schneider_synflood_faster_0723_part1(1).csv,5001,Schneider,2,"benign,synflood",synflood,synflood,
Schneider_tcpall0_0710.csv,1252,Schneider,2,"benign,tcp",tcpall,tcp,REVIEW_FILENAME_LABEL_ONTOLOGY
Schneider_tcpfin1_0710.csv,1244,Schneider,2,"benign,tcp",tcpfin1,tcp,REVIEW_FILENAME_LABEL_ONTOLOGY
Schneider_tcpflood_fast_0710.csv,1246,Schneider,1,tcp,tcp,tcp,
Schneider_tcpflood_faster_0723_part1_.csv,1647,Schneider,1,benign,tcp,,
Schneider_tcpsynfin0_0710.csv,1263,Schneider,2,"benign,tcp",tcpsynfin0,tcp,REVIEW_FILENAME_LABEL_ONTOLOGY
Schneider_teardrop_fast_0710.csv,2372,Schneider,2,"benign,teardrop",teardrop,teardrop,
Schneider_winNuke_fast_0710.csv,2268,Schneider,2,"benign,winnuke",winnuke,winnuke,
Schneider_winNuke_faster_0710_01.csv,1862,Schneider,1,winnuke,winnuke,winnuke,
Siemens_LONG_icmpflood_fast_1_01(1).csv,1668,Siemens,2,"benign,icmpflood",icmpflood,icmpflood,
Siemens_LONG_synflood_fast_1_01-.csv,87,Siemens,1,benign,synflood,,
Siemens_LONG_tcpflood_fast_1_01(1).csv,113,Siemens,1,benign,tcp,,
Siemens_ackflood_faster_0723_part1(1).csv,80,Siemens,2,"ackflood,benign",ackflood,ackflood,
Siemens_arp_0709-.csv,238,Siemens,1,benign,arp,,
Siemens_fraggle_fast_0709-.csv,1984,Siemens,2,"benign,fraggle",fraggle,fraggle,
Siemens_fraggle_faster_0709_01_.csv,745,Siemens,2,"benign,fraggle",fraggle,fraggle,
Siemens_icmpbig_0709-.csv,17,Siemens,2,"benign,icmpbig",icmpbig,icmpbig,
Siemens_icmpnotreach_0709-.csv,260,Siemens,1,benign,icmpnotreach,,
Siemens_pingofdeath_0710-.csv,1934,Siemens,2,"benign,pingofdeath",pingofdeath,pingofdeath,
Siemens_smurf_faster_0709_01_.csv,585,Siemens,2,"benign,smurf",smurf,smurf,
Siemens_winNuke_faster_0709_01.csv,597,Siemens,2,"benign,winnuke",winnuke,winnuke,
