attack_type,precision,recall,f1,support
ackflood,0.9515246286161063,0.9991789819376026,0.9747697236684021,1218
benign,0.9056603773584906,0.964824120603015,0.9343065693430657,995
fraggle,0.9322799097065463,0.44940152339499456,0.6064610866372981,919
icmpbig,1.0,1.0,1.0,2385
icmpflood,0.766329346826127,1.0,0.8677083333333333,1666
pingofdeath,1.0,1.0,1.0,1666
routeip,0.9991304347826087,1.0,0.9995650282731623,2298
smurf,1.0,0.5072463768115942,0.6730769230769231,966
tcp,0.9975922953451043,1.0,0.9987946966653274,1243
winnuke,0.6320675105485232,0.8589449541284404,0.7282450170150705,872
