attack_type,precision,recall,f1,support,model,strategy,seed
ackflood,0.9751295336787564,0.941,0.9577608142493639,1000,MLP,random,42
ackpflood,0.9004524886877828,1.0,0.9476190476190476,199,MLP,random,42
benign,0.9435840707964602,0.853,0.8960084033613446,1000,MLP,random,42
fraggle,0.8901220865704772,0.802,0.8437664387164651,1000,MLP,random,42
icmpbig,1.0,0.9979317476732161,0.9989648033126294,967,MLP,random,42
icmpflood,0.9960079840319361,0.998,0.997002997002997,1000,MLP,random,42
land,1.0,1.0,1.0,464,MLP,random,42
pingofdeath,1.0,1.0,1.0,1000,MLP,random,42
routeip,0.7610837438423645,0.9914438502673797,0.8611240130051091,935,MLP,random,42
smurf,0.8399661303979679,0.992,0.9096744612563045,1000,MLP,random,42
syn,0.9296875,0.9916666666666667,0.9596774193548387,480,MLP,random,42
synflood,1.0,0.963,0.9811512990320937,1000,MLP,random,42
tcp,0.9843444227005871,0.503,0.6657842488418266,1000,MLP,random,42
tcpall,0.539622641509434,0.5070921985815603,0.5228519195612431,564,MLP,random,42
tcpfin1,0.6480978260869565,1.0,0.786479802143446,477,MLP,random,42
teardrop,1.0,0.9957805907172996,0.9978858350951374,474,MLP,random,42
winnuke,0.9665024630541872,0.981,0.973697270471464,1000,MLP,random,42
ackflood,0.9792315680166147,0.943,0.9607743250127356,1000,MLP,uncertainty,42
ackpflood,0.9128440366972477,1.0,0.9544364508393285,199,MLP,uncertainty,42
benign,0.9106463878326996,0.958,0.9337231968810916,1000,MLP,uncertainty,42
fraggle,0.9826086956521739,0.565,0.7174603174603175,1000,MLP,uncertainty,42
icmpbig,1.0,0.9979317476732161,0.9989648033126294,967,MLP,uncertainty,42
icmpflood,0.999,0.999,0.999,1000,MLP,uncertainty,42
land,1.0,1.0,1.0,464,MLP,uncertainty,42
pingofdeath,0.6788866259334692,1.0,0.8087343307723412,1000,MLP,uncertainty,42
routeip,1.0,0.9946524064171123,0.9973190348525469,935,MLP,uncertainty,42
smurf,0.7252906976744186,0.998,0.8400673400673401,1000,MLP,uncertainty,42
syn,0.9260700389105059,0.9916666666666667,0.9577464788732394,480,MLP,uncertainty,42
synflood,0.995880535530381,0.967,0.9812278031456113,1000,MLP,uncertainty,42
tcp,0.9891304347826086,0.273,0.4278996865203762,1000,MLP,uncertainty,42
tcpall,0.5435203094777563,0.9964539007092199,0.7033792240300375,564,MLP,uncertainty,42
tcpfin1,0.6480978260869565,1.0,0.786479802143446,477,MLP,uncertainty,42
teardrop,0.0,0.0,0.0,474,MLP,uncertainty,42
winnuke,0.973293768545994,0.984,0.9786176031824962,1000,MLP,uncertainty,42
ackflood,0.9921348314606742,0.883,0.9343915343915344,1000,MLP,hybrid_open_set,42
ackpflood,0.7007042253521126,1.0,0.8240165631469979,199,MLP,hybrid_open_set,42
benign,0.9090056285178236,0.969,0.9380445304937076,1000,MLP,hybrid_open_set,42
fraggle,0.9777397260273972,0.571,0.7209595959595959,1000,MLP,hybrid_open_set,42
icmpbig,1.0,0.9979317476732161,0.9989648033126294,967,MLP,hybrid_open_set,42
icmpflood,0.999000999000999,1.0,0.9995002498750625,1000,MLP,hybrid_open_set,42
land,1.0,1.0,1.0,464,MLP,hybrid_open_set,42
pingofdeath,0.999000999000999,1.0,0.9995002498750625,1000,MLP,hybrid_open_set,42
routeip,0.9976851851851852,0.9219251336898395,0.9583101723179545,935,MLP,hybrid_open_set,42
smurf,0.723388848660391,0.999,0.8391432171356573,1000,MLP,hybrid_open_set,42
syn,0.937007874015748,0.9916666666666667,0.9635627530364372,480,MLP,hybrid_open_set,42
synflood,0.9989806320081549,0.98,0.9893992932862191,1000,MLP,hybrid_open_set,42
tcp,1.0,0.243,0.3909895414320193,1000,MLP,hybrid_open_set,42
tcpall,0.4964788732394366,1.0,0.6635294117647059,564,MLP,hybrid_open_set,42
tcpfin1,0.6480978260869565,1.0,0.786479802143446,477,MLP,hybrid_open_set,42
teardrop,1.0,0.9957805907172996,0.9978858350951374,474,MLP,hybrid_open_set,42
winnuke,0.9949186991869918,0.979,0.9868951612903226,1000,MLP,hybrid_open_set,42
ackflood,0.9819341126461212,0.924,0.9520865533230294,1000,MLP,random,2026
ackpflood,0.9386792452830188,1.0,0.9683698296836983,199,MLP,random,2026
benign,0.9173553719008265,0.888,0.9024390243902439,1000,MLP,random,2026
fraggle,0.6864940517844647,0.981,0.807739810621655,1000,MLP,random,2026
icmpbig,1.0,0.9979317476732161,0.9989648033126294,967,MLP,random,2026
icmpflood,0.996011964107677,0.999,0.9975037443834248,1000,MLP,random,2026
land,1.0,1.0,1.0,464,MLP,random,2026
pingofdeath,1.0,1.0,1.0,1000,MLP,random,2026
routeip,0.9243781094527364,0.9935828877005347,0.9577319587628866,935,MLP,random,2026
smurf,0.9984276729559748,0.635,0.7762836185819071,1000,MLP,random,2026
syn,0.918918918918919,0.9916666666666667,0.9539078156312625,480,MLP,random,2026
synflood,0.9777553083923155,0.967,0.9723479135243841,1000,MLP,random,2026
tcp,0.9719626168224299,0.312,0.4723694171082513,1000,MLP,random,2026
tcpall,0.5468085106382978,0.9113475177304965,0.6835106382978723,564,MLP,random,2026
tcpfin1,0.6578581363004172,0.9916142557651991,0.7909698996655519,477,MLP,random,2026
teardrop,1.0,0.9957805907172996,0.9978858350951374,474,MLP,random,2026
winnuke,0.9846625766871165,0.963,0.9737108190091001,1000,MLP,random,2026
ackflood,0.8198970840480274,0.956,0.8827331486611265,1000,MLP,uncertainty,2026
ackpflood,1.0,0.04522613065326633,0.08653846153846154,199,MLP,uncertainty,2026
benign,0.9454545454545454,0.884,0.9136950904392764,1000,MLP,uncertainty,2026
fraggle,0.8484848484848485,0.616,0.7137891077636153,1000,MLP,uncertainty,2026
icmpbig,1.0,0.9979317476732161,0.9989648033126294,967,MLP,uncertainty,2026
icmpflood,0.999000999000999,1.0,0.9995002498750625,1000,MLP,uncertainty,2026
land,1.0,1.0,1.0,464,MLP,uncertainty,2026
pingofdeath,0.6793478260869565,1.0,0.8090614886731392,1000,MLP,uncertainty,2026
routeip,0.9989258861439313,0.9946524064171123,0.9967845659163987,935,MLP,uncertainty,2026
smurf,0.7252906976744186,0.998,0.8400673400673401,1000,MLP,uncertainty,2026
syn,0.9171483622350675,0.9916666666666667,0.9529529529529529,480,MLP,uncertainty,2026
synflood,1.0,0.965,0.9821882951653944,1000,MLP,uncertainty,2026
tcp,0.9925650557620818,0.267,0.42080378250591016,1000,MLP,uncertainty,2026
tcpall,0.5403071017274472,0.99822695035461,0.701120797011208,564,MLP,uncertainty,2026
tcpfin1,0.6480978260869565,1.0,0.786479802143446,477,MLP,uncertainty,2026
teardrop,0.0,0.0,0.0,474,MLP,uncertainty,2026
winnuke,0.9949186991869918,0.979,0.9868951612903226,1000,MLP,uncertainty,2026
ackflood,0.9795081967213115,0.956,0.9676113360323887,1000,MLP,hybrid_open_set,2026
ackpflood,0.9476190476190476,1.0,0.9731051344743277,199,MLP,hybrid_open_set,2026
benign,0.9087488240827846,0.966,0.9365002423654871,1000,MLP,hybrid_open_set,2026
fraggle,0.9772727272727273,0.946,0.9613821138211383,1000,MLP,hybrid_open_set,2026
icmpbig,1.0,0.9979317476732161,0.9989648033126294,967,MLP,hybrid_open_set,2026
icmpflood,0.999,0.999,0.999,1000,MLP,hybrid_open_set,2026
land,1.0,1.0,1.0,464,MLP,hybrid_open_set,2026
pingofdeath,1.0,1.0,1.0,1000,MLP,hybrid_open_set,2026
routeip,0.9989258861439313,0.9946524064171123,0.9967845659163987,935,MLP,hybrid_open_set,2026
smurf,0.9950099800399201,0.997,0.996003996003996,1000,MLP,hybrid_open_set,2026
syn,0.9425742574257425,0.9916666666666667,0.966497461928934,480,MLP,hybrid_open_set,2026
synflood,0.9969167523124358,0.97,0.9832742017232641,1000,MLP,hybrid_open_set,2026
tcp,0.6426767676767676,0.509,0.5680803571428571,1000,MLP,hybrid_open_set,2026
tcpall,0.5531914893617021,0.5070921985815603,0.5291396854764108,564,MLP,hybrid_open_set,2026
tcpfin1,0.6480978260869565,1.0,0.786479802143446,477,MLP,hybrid_open_set,2026
teardrop,0.9978858350951374,0.9957805907172996,0.996832101372756,474,MLP,hybrid_open_set,2026
winnuke,0.9939086294416244,0.979,0.9863979848866499,1000,MLP,hybrid_open_set,2026
ackflood,0.9822732012513035,0.942,0.9617151607963247,1000,MLP,random,31415
ackpflood,0.9170506912442397,1.0,0.9567307692307693,199,MLP,random,31415
benign,0.909702209414025,0.947,0.9279764821166095,1000,MLP,random,31415
fraggle,0.976027397260274,0.57,0.7196969696969697,1000,MLP,random,31415
icmpbig,1.0,0.9968976215098242,0.9984464008285863,967,MLP,random,31415
icmpflood,0.9979838709677419,0.99,0.9939759036144579,1000,MLP,random,31415
land,1.0,1.0,1.0,464,MLP,random,31415
pingofdeath,1.0,1.0,1.0,1000,MLP,random,31415
routeip,0.9989247311827957,0.9935828877005347,0.9962466487935657,935,MLP,random,31415
smurf,0.718705035971223,0.999,0.8359832635983263,1000,MLP,random,31415
syn,0.9153846153846154,0.9916666666666667,0.952,480,MLP,random,31415
synflood,1.0,0.966,0.982706002034588,1000,MLP,random,31415
tcp,0.9616368286445013,0.376,0.5406182602444285,1000,MLP,random,31415
tcpall,0.595137420718816,0.99822695035461,0.7456953642384105,564,MLP,random,31415
tcpfin1,0.6480978260869565,1.0,0.786479802143446,477,MLP,random,31415
teardrop,1.0,0.9957805907172996,0.9978858350951374,474,MLP,random,31415
winnuke,0.9898785425101214,0.978,0.9839034205231388,1000,MLP,random,31415
ackflood,0.9802289281997919,0.942,0.9607343192248853,1000,MLP,uncertainty,31415
ackpflood,0.8883928571428571,1.0,0.9408983451536643,199,MLP,uncertainty,31415
benign,0.9051643192488263,0.964,0.9336561743341404,1000,MLP,uncertainty,31415
fraggle,0.9689213893967094,0.53,0.6851971557853911,1000,MLP,uncertainty,31415
icmpbig,0.9989648033126294,0.9979317476732161,0.9984480082772892,967,MLP,uncertainty,31415
icmpflood,1.0,0.991,0.9954796584630838,1000,MLP,uncertainty,31415
land,1.0,1.0,1.0,464,MLP,uncertainty,31415
pingofdeath,0.6793478260869565,1.0,0.8090614886731392,1000,MLP,uncertainty,31415
routeip,0.4701429772918419,0.597860962566845,0.5263653483992468,935,MLP,uncertainty,31415
smurf,0.6979020979020979,0.998,0.8213991769547325,1000,MLP,uncertainty,31415
syn,0.937007874015748,0.9916666666666667,0.9635627530364372,480,MLP,uncertainty,31415
synflood,1.0,0.967,0.9832231825114387,1000,MLP,uncertainty,31415
tcp,1.0,0.243,0.3909895414320193,1000,MLP,uncertainty,31415
tcpall,0.29295426452410384,0.42021276595744683,0.3452294246176256,564,MLP,uncertainty,31415
tcpfin1,0.6480978260869565,1.0,0.786479802143446,477,MLP,uncertainty,31415
teardrop,0.0,0.0,0.0,474,MLP,uncertainty,31415
winnuke,0.9918946301925026,0.979,0.9854051333668847,1000,MLP,uncertainty,31415
ackflood,0.9882478632478633,0.925,0.9555785123966942,1000,MLP,hybrid_open_set,31415
ackpflood,0.8923766816143498,1.0,0.943127962085308,199,MLP,hybrid_open_set,31415
benign,0.9096098953377736,0.956,0.932228181374939,1000,MLP,hybrid_open_set,31415
fraggle,0.9638403990024937,0.773,0.8579356270810211,1000,MLP,hybrid_open_set,31415
icmpbig,0.9989648033126294,0.9979317476732161,0.9984480082772892,967,MLP,hybrid_open_set,31415
icmpflood,0.999,0.999,0.999,1000,MLP,hybrid_open_set,31415
land,1.0,1.0,1.0,464,MLP,hybrid_open_set,31415
pingofdeath,1.0,1.0,1.0,1000,MLP,hybrid_open_set,31415
routeip,0.46974789915966386,0.597860962566845,0.5261176470588236,935,MLP,hybrid_open_set,31415
smurf,0.848458904109589,0.991,0.9142066420664207,1000,MLP,hybrid_open_set,31415
syn,0.9015151515151515,0.9916666666666667,0.9444444444444444,480,MLP,hybrid_open_set,31415
synflood,0.9908069458631257,0.97,0.9802930773117736,1000,MLP,hybrid_open_set,31415
tcp,1.0,0.244,0.39228295819935693,1000,MLP,hybrid_open_set,31415
tcpall,0.2915129151291513,0.42021276595744683,0.3442265795206972,564,MLP,hybrid_open_set,31415
tcpfin1,0.6480978260869565,1.0,0.786479802143446,477,MLP,hybrid_open_set,31415
teardrop,0.9978858350951374,0.9957805907172996,0.996832101372756,474,MLP,hybrid_open_set,31415
winnuke,0.9918946301925026,0.979,0.9854051333668847,1000,MLP,hybrid_open_set,31415
ackflood,0.9781094527363184,0.983,0.9805486284289276,1000,RandomForest,random,42
ackpflood,1.0,1.0,1.0,199,RandomForest,random,42
benign,0.9444995044598612,0.953,0.9487307117969139,1000,RandomForest,random,42
fraggle,0.9959308240081384,0.979,0.9873928391326273,1000,RandomForest,random,42
icmpbig,1.0,0.9979317476732161,0.9989648033126294,967,RandomForest,random,42
icmpflood,0.998998998998999,0.998,0.9984992496248124,1000,RandomForest,random,42
land,1.0,0.9978448275862069,0.9989212513484358,464,RandomForest,random,42
pingofdeath,1.0,1.0,1.0,1000,RandomForest,random,42
routeip,1.0,0.9978609625668449,0.9989293361884368,935,RandomForest,random,42
smurf,0.997997997997998,0.997,0.9974987493746873,1000,RandomForest,random,42
syn,0.9656565656565657,0.9958333333333333,0.9805128205128205,480,RandomForest,random,42
synflood,1.0,0.979,0.989388580090955,1000,RandomForest,random,42
tcp,0.962135922330097,0.991,0.9763546798029556,1000,RandomForest,random,42
tcpall,0.9911504424778761,0.9929078014184397,0.9920283436669619,564,RandomForest,random,42
tcpfin1,0.9978991596638656,0.9958071278825996,0.9968520461699895,477,RandomForest,random,42
teardrop,1.0,0.9957805907172996,0.9978858350951374,474,RandomForest,random,42
winnuke,0.9888663967611336,0.977,0.9828973843058351,1000,RandomForest,random,42
ackflood,0.9919436052366566,0.985,0.9884596086302058,1000,RandomForest,uncertainty,42
ackpflood,1.0,1.0,1.0,199,RandomForest,uncertainty,42
benign,0.958984375,0.982,0.9703557312252964,1000,RandomForest,uncertainty,42
fraggle,0.9889447236180905,0.984,0.9864661654135338,1000,RandomForest,uncertainty,42
icmpbig,1.0,1.0,1.0,967,RandomForest,uncertainty,42
icmpflood,0.999000999000999,1.0,0.9995002498750625,1000,RandomForest,uncertainty,42
land,1.0,1.0,1.0,464,RandomForest,uncertainty,42
pingofdeath,0.6788866259334692,1.0,0.8087343307723412,1000,RandomForest,uncertainty,42
routeip,0.9978632478632479,0.9989304812834224,0.9983965793693212,935,RandomForest,uncertainty,42
smurf,0.999,0.999,0.999,1000,RandomForest,uncertainty,42
syn,0.987603305785124,0.9958333333333333,0.991701244813278,480,RandomForest,uncertainty,42
synflood,0.997,0.997,0.997,1000,RandomForest,uncertainty,42
tcp,0.99,0.99,0.99,1000,RandomForest,uncertainty,42
tcpall,0.9876977152899824,0.9964539007092199,0.9920564872021183,564,RandomForest,uncertainty,42
tcpfin1,1.0,0.9874213836477987,0.9936708860759493,477,RandomForest,uncertainty,42
teardrop,1.0,0.004219409282700422,0.008403361344537815,474,RandomForest,uncertainty,42
winnuke,0.9969450101832994,0.979,0.987891019172553,1000,RandomForest,uncertainty,42
ackflood,0.9850448654037887,0.988,0.9865202196704943,1000,RandomForest,hybrid_open_set,42
ackpflood,1.0,0.9849246231155779,0.9924050632911392,199,RandomForest,hybrid_open_set,42
benign,0.9536679536679536,0.988,0.9705304518664047,1000,RandomForest,hybrid_open_set,42
fraggle,0.993933265925177,0.983,0.9884364002011061,1000,RandomForest,hybrid_open_set,42
icmpbig,1.0,1.0,1.0,967,RandomForest,hybrid_open_set,42
icmpflood,0.999000999000999,1.0,0.9995002498750625,1000,RandomForest,hybrid_open_set,42
land,1.0,1.0,1.0,464,RandomForest,hybrid_open_set,42
pingofdeath,1.0,1.0,1.0,1000,RandomForest,hybrid_open_set,42
routeip,1.0,0.9978609625668449,0.9989293361884368,935,RandomForest,hybrid_open_set,42
smurf,0.997,0.997,0.997,1000,RandomForest,hybrid_open_set,42
syn,0.991701244813278,0.9958333333333333,0.9937629937629938,480,RandomForest,hybrid_open_set,42
synflood,1.0,0.988,0.993963782696177,1000,RandomForest,hybrid_open_set,42
tcp,0.9949698189134809,0.989,0.9919759277833501,1000,RandomForest,hybrid_open_set,42
tcpall,0.9876977152899824,0.9964539007092199,0.9920564872021183,564,RandomForest,hybrid_open_set,42
tcpfin1,1.0,0.9958071278825996,0.9978991596638656,477,RandomForest,hybrid_open_set,42
teardrop,0.9978947368421053,1.0,0.9989462592202318,474,RandomForest,hybrid_open_set,42
winnuke,0.9939271255060729,0.982,0.9879275653923542,1000,RandomForest,hybrid_open_set,42
ackflood,0.983,0.983,0.983,1000,RandomForest,random,2026
ackpflood,1.0,1.0,1.0,199,RandomForest,random,2026
benign,0.9457831325301205,0.942,0.9438877755511023,1000,RandomForest,random,2026
fraggle,0.947267497603068,0.988,0.9672050905531082,1000,RandomForest,random,2026
icmpbig,1.0,0.9979317476732161,0.9989648033126294,967,RandomForest,random,2026
icmpflood,0.998998998998999,0.998,0.9984992496248124,1000,RandomForest,random,2026
land,1.0,1.0,1.0,464,RandomForest,random,2026
pingofdeath,1.0,1.0,1.0,1000,RandomForest,random,2026
routeip,1.0,0.9978609625668449,0.9989293361884368,935,RandomForest,random,2026
smurf,0.9930348258706467,0.998,0.9955112219451372,1000,RandomForest,random,2026
syn,0.9937369519832986,0.9916666666666667,0.9927007299270073,480,RandomForest,random,2026
synflood,1.0,0.984,0.9919354838709677,1000,RandomForest,random,2026
tcp,0.9850448654037887,0.988,0.9865202196704943,1000,RandomForest,random,2026
tcpall,0.9807355516637478,0.9929078014184397,0.986784140969163,564,RandomForest,random,2026
tcpfin1,0.997872340425532,0.9832285115303984,0.9904963041182682,477,RandomForest,random,2026
teardrop,1.0,0.9957805907172996,0.9978858350951374,474,RandomForest,random,2026
winnuke,1.0,0.977,0.9883662114314619,1000,RandomForest,random,2026
ackflood,0.9939516129032258,0.986,0.9899598393574297,1000,RandomForest,uncertainty,2026
ackpflood,1.0,0.9949748743718593,0.9974811083123426,199,RandomForest,uncertainty,2026
benign,0.9565637065637066,0.991,0.9734774066797642,1000,RandomForest,uncertainty,2026
fraggle,0.9939393939393939,0.984,0.9889447236180905,1000,RandomForest,uncertainty,2026
icmpbig,1.0,1.0,1.0,967,RandomForest,uncertainty,2026
icmpflood,0.999,0.999,0.999,1000,RandomForest,uncertainty,2026
land,1.0,1.0,1.0,464,RandomForest,uncertainty,2026
pingofdeath,0.6788866259334692,1.0,0.8087343307723412,1000,RandomForest,uncertainty,2026
routeip,0.9915164369034994,1.0,0.9957401490947817,935,RandomForest,uncertainty,2026
smurf,0.997997997997998,0.997,0.9974987493746873,1000,RandomForest,uncertainty,2026
syn,0.99375,0.99375,0.99375,480,RandomForest,uncertainty,2026
synflood,0.9989969909729187,0.996,0.9974962443665498,1000,RandomForest,uncertainty,2026
tcp,0.994,0.994,0.994,1000,RandomForest,uncertainty,2026
tcpall,0.9946902654867257,0.9964539007092199,0.995571302037201,564,RandomForest,uncertainty,2026
tcpfin1,1.0,0.9958071278825996,0.9978991596638656,477,RandomForest,uncertainty,2026
teardrop,1.0,0.004219409282700422,0.008403361344537815,474,RandomForest,uncertainty,2026
winnuke,1.0,0.979,0.989388580090955,1000,RandomForest,uncertainty,2026
ackflood,0.9810568295114656,0.984,0.982526210683974,1000,RandomForest,hybrid_open_set,2026
ackpflood,1.0,0.9949748743718593,0.9974811083123426,199,RandomForest,hybrid_open_set,2026
benign,0.9402277039848197,0.991,0.9649464459591042,1000,RandomForest,hybrid_open_set,2026
fraggle,0.9959390862944163,0.981,0.9884130982367758,1000,RandomForest,hybrid_open_set,2026
icmpbig,1.0,1.0,1.0,967,RandomForest,hybrid_open_set,2026
icmpflood,0.999,0.999,0.999,1000,RandomForest,hybrid_open_set,2026
land,1.0,1.0,1.0,464,RandomForest,hybrid_open_set,2026
pingofdeath,0.999000999000999,1.0,0.9995002498750625,1000,RandomForest,hybrid_open_set,2026
routeip,1.0,0.9978609625668449,0.9989293361884368,935,RandomForest,hybrid_open_set,2026
smurf,0.998001998001998,0.999,0.9985007496251874,1000,RandomForest,hybrid_open_set,2026
syn,0.9979035639412998,0.9916666666666667,0.9947753396029259,480,RandomForest,hybrid_open_set,2026
synflood,0.9969574036511156,0.983,0.9899295065458208,1000,RandomForest,hybrid_open_set,2026
tcp,0.9969635627530364,0.985,0.9909456740442656,1000,RandomForest,hybrid_open_set,2026
tcpall,0.9842657342657343,0.99822695035461,0.9911971830985915,564,RandomForest,hybrid_open_set,2026
tcpfin1,1.0,0.9979035639412998,0.9989506820566632,477,RandomForest,hybrid_open_set,2026
teardrop,1.0,1.0,1.0,474,RandomForest,hybrid_open_set,2026
winnuke,0.9979612640163099,0.979,0.9883897021706209,1000,RandomForest,hybrid_open_set,2026
ackflood,0.9949290060851927,0.981,0.9879154078549849,1000,RandomForest,random,31415
ackpflood,0.995,1.0,0.9974937343358395,199,RandomForest,random,31415
benign,0.9530938123752495,0.955,0.954045954045954,1000,RandomForest,random,31415
fraggle,0.9899497487437185,0.985,0.9874686716791979,1000,RandomForest,random,31415
icmpbig,1.0,0.9979317476732161,0.9989648033126294,967,RandomForest,random,31415
icmpflood,0.999000999000999,1.0,0.9995002498750625,1000,RandomForest,random,31415
land,1.0,0.9978448275862069,0.9989212513484358,464,RandomForest,random,31415
pingofdeath,1.0,1.0,1.0,1000,RandomForest,random,31415
routeip,0.9739039665970772,0.9978609625668449,0.9857369255150554,935,RandomForest,random,31415
smurf,0.999,0.999,0.999,1000,RandomForest,random,31415
syn,0.9735234215885947,0.9958333333333333,0.984552008238929,480,RandomForest,random,31415
synflood,1.0,0.993,0.9964877069744105,1000,RandomForest,random,31415
tcp,0.9870517928286853,0.991,0.9890219560878244,1000,RandomForest,random,31415
tcpall,0.9911504424778761,0.9929078014184397,0.9920283436669619,564,RandomForest,random,31415
tcpfin1,0.9978902953586498,0.9916142557651991,0.9947423764458465,477,RandomForest,random,31415
teardrop,1.0,0.9957805907172996,0.9978858350951374,474,RandomForest,random,31415
winnuke,0.9939455095862765,0.985,0.9894525364138623,1000,RandomForest,random,31415
ackflood,0.9919436052366566,0.985,0.9884596086302058,1000,RandomForest,uncertainty,31415
ackpflood,1.0,1.0,1.0,199,RandomForest,uncertainty,31415
benign,0.9695481335952849,0.987,0.9781962338949455,1000,RandomForest,uncertainty,31415
fraggle,0.992936427850656,0.984,0.9884480160723255,1000,RandomForest,uncertainty,31415
icmpbig,1.0,1.0,1.0,967,RandomForest,uncertainty,31415
icmpflood,0.998998998998999,0.998,0.9984992496248124,1000,RandomForest,uncertainty,31415
land,1.0,1.0,1.0,464,RandomForest,uncertainty,31415
pingofdeath,0.6793478260869565,1.0,0.8090614886731392,1000,RandomForest,uncertainty,31415
routeip,0.9946695095948828,0.9978609625668449,0.996262680192205,935,RandomForest,uncertainty,31415
smurf,0.9960079840319361,0.998,0.997002997002997,1000,RandomForest,uncertainty,31415
syn,0.989648033126294,0.9958333333333333,0.9927310488058152,480,RandomForest,uncertainty,31415
synflood,0.9979899497487437,0.993,0.9954887218045113,1000,RandomForest,uncertainty,31415
tcp,0.9910269192422732,0.994,0.9925112331502746,1000,RandomForest,uncertainty,31415
tcpall,0.9929203539823008,0.9946808510638298,0.9937998228520815,564,RandomForest,uncertainty,31415
tcpfin1,1.0,0.9937106918238994,0.9968454258675079,477,RandomForest,uncertainty,31415
teardrop,1.0,0.004219409282700422,0.008403361344537815,474,RandomForest,uncertainty,31415
winnuke,0.992964824120603,0.988,0.9904761904761905,1000,RandomForest,uncertainty,31415
ackflood,0.9959514170040485,0.984,0.9899396378269618,1000,RandomForest,hybrid_open_set,31415
ackpflood,1.0,1.0,1.0,199,RandomForest,hybrid_open_set,31415
benign,0.973293768545994,0.984,0.9786176031824962,1000,RandomForest,hybrid_open_set,31415
fraggle,0.9831181727904668,0.99,0.9865470852017937,1000,RandomForest,hybrid_open_set,31415
icmpbig,1.0,0.9979317476732161,0.9989648033126294,967,RandomForest,hybrid_open_set,31415
icmpflood,0.998998998998999,0.998,0.9984992496248124,1000,RandomForest,hybrid_open_set,31415
land,1.0,1.0,1.0,464,RandomForest,hybrid_open_set,31415
pingofdeath,0.999000999000999,1.0,0.9995002498750625,1000,RandomForest,hybrid_open_set,31415
routeip,1.0,0.9978609625668449,0.9989293361884368,935,RandomForest,hybrid_open_set,31415
smurf,0.9970059880239521,0.999,0.998001998001998,1000,RandomForest,hybrid_open_set,31415
syn,0.989648033126294,0.9958333333333333,0.9927310488058152,480,RandomForest,hybrid_open_set,31415
synflood,0.996993987975952,0.995,0.995995995995996,1000,RandomForest,hybrid_open_set,31415
tcp,0.993993993993994,0.993,0.9934967483741871,1000,RandomForest,hybrid_open_set,31415
tcpall,0.9929328621908127,0.9964539007092199,0.9946902654867257,564,RandomForest,hybrid_open_set,31415
tcpfin1,1.0,0.9958071278825996,0.9978991596638656,477,RandomForest,hybrid_open_set,31415
teardrop,0.9957983193277311,1.0,0.9978947368421053,474,RandomForest,hybrid_open_set,31415
winnuke,0.9929577464788732,0.987,0.9899699097291875,1000,RandomForest,hybrid_open_set,31415
ackflood,0.9528487229862476,0.97,0.9613478691774033,1000,XGBoost,random,42
ackpflood,0.8396624472573839,1.0,0.9128440366972477,199,XGBoost,random,42
benign,0.9366952789699571,0.873,0.9037267080745341,1000,XGBoost,random,42
fraggle,0.9848637739656912,0.976,0.9804118533400301,1000,XGBoost,random,42
icmpbig,1.0,0.9979317476732161,0.9989648033126294,967,XGBoost,random,42
icmpflood,0.998995983935743,0.995,0.996993987975952,1000,XGBoost,random,42
land,1.0,1.0,1.0,464,XGBoost,random,42
pingofdeath,1.0,1.0,1.0,1000,XGBoost,random,42
routeip,0.9978609625668449,0.9978609625668449,0.9978609625668449,935,XGBoost,random,42
smurf,0.9969788519637462,0.99,0.9934771700953337,1000,XGBoost,random,42
syn,0.9937629937629938,0.9958333333333333,0.9947970863683663,480,XGBoost,random,42
synflood,1.0,0.996,0.9979959919839679,1000,XGBoost,random,42
tcp,0.9616141732283464,0.977,0.9692460317460317,1000,XGBoost,random,42
tcpall,0.9982142857142857,0.9911347517730497,0.994661921708185,564,XGBoost,random,42
tcpfin1,0.9674134419551935,0.9958071278825996,0.981404958677686,477,XGBoost,random,42
teardrop,1.0,0.9957805907172996,0.9978858350951374,474,XGBoost,random,42
winnuke,0.9723593287265548,0.985,0.9786388474913065,1000,XGBoost,random,42
ackflood,0.9949596774193549,0.987,0.9909638554216867,1000,XGBoost,uncertainty,42
ackpflood,0.995,1.0,0.9974937343358395,199,XGBoost,uncertainty,42
benign,0.974025974025974,0.975,0.974512743628186,1000,XGBoost,uncertainty,42
fraggle,0.984015984015984,0.985,0.9845077461269365,1000,XGBoost,uncertainty,42
icmpbig,1.0,1.0,1.0,967,XGBoost,uncertainty,42
icmpflood,0.998998998998999,0.998,0.9984992496248124,1000,XGBoost,uncertainty,42
land,1.0,1.0,1.0,464,XGBoost,uncertainty,42
pingofdeath,0.999000999000999,1.0,0.9995002498750625,1000,XGBoost,uncertainty,42
routeip,0.9978632478632479,0.9989304812834224,0.9983965793693212,935,XGBoost,uncertainty,42
smurf,0.997,0.997,0.997,1000,XGBoost,uncertainty,42
syn,0.99581589958159,0.9916666666666667,0.9937369519832986,480,XGBoost,uncertainty,42
synflood,1.0,0.996,0.9979959919839679,1000,XGBoost,uncertainty,42
tcp,0.9949899799599199,0.993,0.993993993993994,1000,XGBoost,uncertainty,42
tcpall,0.9964539007092199,0.9964539007092199,0.9964539007092199,564,XGBoost,uncertainty,42
tcpfin1,0.9958071278825996,0.9958071278825996,0.9958071278825996,477,XGBoost,uncertainty,42
teardrop,1.0,1.0,1.0,474,XGBoost,uncertainty,42
winnuke,0.9851778656126482,0.997,0.9910536779324056,1000,XGBoost,uncertainty,42
ackflood,0.9939698492462311,0.989,0.9914786967418546,1000,XGBoost,hybrid_open_set,42
ackpflood,1.0,1.0,1.0,199,XGBoost,hybrid_open_set,42
benign,0.9709418837675351,0.969,0.96996996996997,1000,XGBoost,hybrid_open_set,42
fraggle,0.986,0.986,0.986,1000,XGBoost,hybrid_open_set,42
icmpbig,1.0,1.0,1.0,967,XGBoost,hybrid_open_set,42
icmpflood,0.998998998998999,0.998,0.9984992496248124,1000,XGBoost,hybrid_open_set,42
land,1.0,1.0,1.0,464,XGBoost,hybrid_open_set,42
pingofdeath,0.999000999000999,1.0,0.9995002498750625,1000,XGBoost,hybrid_open_set,42
routeip,1.0,0.9978609625668449,0.9989293361884368,935,XGBoost,hybrid_open_set,42
smurf,0.997002997002997,0.998,0.9975012493753124,1000,XGBoost,hybrid_open_set,42
syn,0.9937629937629938,0.9958333333333333,0.9947970863683663,480,XGBoost,hybrid_open_set,42
synflood,0.998,0.998,0.998,1000,XGBoost,hybrid_open_set,42
tcp,0.992,0.992,0.992,1000,XGBoost,hybrid_open_set,42
tcpall,0.9964476021314387,0.9946808510638298,0.9955634427684117,564,XGBoost,hybrid_open_set,42
tcpfin1,0.9958071278825996,0.9958071278825996,0.9958071278825996,477,XGBoost,hybrid_open_set,42
teardrop,1.0,1.0,1.0,474,XGBoost,hybrid_open_set,42
winnuke,0.9871031746031746,0.995,0.9910358565737052,1000,XGBoost,hybrid_open_set,42
ackflood,0.9820359281437125,0.984,0.983016983016983,1000,XGBoost,random,2026
ackpflood,0.9383886255924171,0.9949748743718593,0.9658536585365853,199,XGBoost,random,2026
benign,0.9287925696594427,0.9,0.9141696292534282,1000,XGBoost,random,2026
fraggle,0.9415708812260536,0.983,0.961839530332681,1000,XGBoost,random,2026
icmpbig,1.0,0.9979317476732161,0.9989648033126294,967,XGBoost,random,2026
icmpflood,0.9989939637826962,0.993,0.995987963891675,1000,XGBoost,random,2026
land,0.9935760171306209,1.0,0.9967776584317938,464,XGBoost,random,2026
pingofdeath,1.0,1.0,1.0,1000,XGBoost,random,2026
routeip,1.0,0.9978609625668449,0.9989293361884368,935,XGBoost,random,2026
smurf,0.9929859719438878,0.991,0.991991991991992,1000,XGBoost,random,2026
syn,0.9937369519832986,0.9916666666666667,0.9927007299270073,480,XGBoost,random,2026
synflood,1.0,0.984,0.9919354838709677,1000,XGBoost,random,2026
tcp,0.9866255144032922,0.959,0.9726166328600405,1000,XGBoost,random,2026
tcpall,0.9705882352941176,0.9946808510638298,0.9824868651488616,564,XGBoost,random,2026
tcpfin1,0.9674134419551935,0.9958071278825996,0.981404958677686,477,XGBoost,random,2026
teardrop,1.0,0.9957805907172996,0.9978858350951374,474,XGBoost,random,2026
winnuke,0.974025974025974,0.975,0.974512743628186,1000,XGBoost,random,2026
ackflood,0.9959432048681541,0.982,0.9889224572004028,1000,XGBoost,uncertainty,2026
ackpflood,1.0,1.0,1.0,199,XGBoost,uncertainty,2026
benign,0.9694280078895463,0.983,0.9761668321747765,1000,XGBoost,uncertainty,2026
fraggle,0.9900299102691924,0.993,0.9915127309036446,1000,XGBoost,uncertainty,2026
icmpbig,1.0,1.0,1.0,967,XGBoost,uncertainty,2026
icmpflood,0.998998998998999,0.998,0.9984992496248124,1000,XGBoost,uncertainty,2026
land,1.0,1.0,1.0,464,XGBoost,uncertainty,2026
pingofdeath,1.0,1.0,1.0,1000,XGBoost,uncertainty,2026
routeip,0.9894179894179894,1.0,0.9946808510638298,935,XGBoost,uncertainty,2026
smurf,0.996011964107677,0.999,0.9975037443834248,1000,XGBoost,uncertainty,2026
syn,0.9979035639412998,0.9916666666666667,0.9947753396029259,480,XGBoost,uncertainty,2026
synflood,0.9950099800399201,0.997,0.996003996003996,1000,XGBoost,uncertainty,2026
tcp,0.9949748743718593,0.99,0.9924812030075187,1000,XGBoost,uncertainty,2026
tcpall,0.9964539007092199,0.9964539007092199,0.9964539007092199,564,XGBoost,uncertainty,2026
tcpfin1,0.9895833333333334,0.9958071278825996,0.9926854754440961,477,XGBoost,uncertainty,2026
teardrop,1.0,1.0,1.0,474,XGBoost,uncertainty,2026
winnuke,0.9969635627530364,0.985,0.9909456740442656,1000,XGBoost,uncertainty,2026
ackflood,0.9949494949494949,0.985,0.9899497487437185,1000,XGBoost,hybrid_open_set,2026
ackpflood,1.0,1.0,1.0,199,XGBoost,hybrid_open_set,2026
benign,0.968222442899702,0.975,0.9715994020926756,1000,XGBoost,hybrid_open_set,2026
fraggle,0.9764243614931237,0.994,0.9851337958374629,1000,XGBoost,hybrid_open_set,2026
icmpbig,1.0,1.0,1.0,967,XGBoost,hybrid_open_set,2026
icmpflood,0.998998998998999,0.998,0.9984992496248124,1000,XGBoost,hybrid_open_set,2026
land,1.0,1.0,1.0,464,XGBoost,hybrid_open_set,2026
pingofdeath,0.999000999000999,1.0,0.9995002498750625,1000,XGBoost,hybrid_open_set,2026
routeip,1.0,0.9989304812834224,0.9994649545211343,935,XGBoost,hybrid_open_set,2026
smurf,0.998001998001998,0.999,0.9985007496251874,1000,XGBoost,hybrid_open_set,2026
syn,0.9958333333333333,0.9958333333333333,0.9958333333333333,480,XGBoost,hybrid_open_set,2026
synflood,0.998,0.998,0.998,1000,XGBoost,hybrid_open_set,2026
tcp,0.9959839357429718,0.992,0.9939879759519038,1000,XGBoost,hybrid_open_set,2026
tcpall,0.9946902654867257,0.9964539007092199,0.995571302037201,564,XGBoost,hybrid_open_set,2026
tcpfin1,0.9958071278825996,0.9958071278825996,0.9958071278825996,477,XGBoost,hybrid_open_set,2026
teardrop,1.0,1.0,1.0,474,XGBoost,hybrid_open_set,2026
winnuke,0.9959514170040485,0.984,0.9899396378269618,1000,XGBoost,hybrid_open_set,2026
ackflood,0.947,0.947,0.947,1000,XGBoost,random,31415
ackpflood,0.8504273504273504,1.0,0.9191685912240185,199,XGBoost,random,31415
benign,0.9134020618556701,0.886,0.899492385786802,1000,XGBoost,random,31415
fraggle,0.9790836653386454,0.983,0.9810379241516967,1000,XGBoost,random,31415
icmpbig,1.0,0.9979317476732161,0.9989648033126294,967,XGBoost,random,31415
icmpflood,0.998989898989899,0.989,0.9939698492462311,1000,XGBoost,random,31415
land,0.9830508474576272,1.0,0.9914529914529915,464,XGBoost,random,31415
pingofdeath,1.0,1.0,1.0,1000,XGBoost,random,31415
routeip,0.9914984059511158,0.9978609625668449,0.9946695095948828,935,XGBoost,random,31415
smurf,0.9979818365287588,0.989,0.99347061778001,1000,XGBoost,random,31415
syn,0.9937369519832986,0.9916666666666667,0.9927007299270073,480,XGBoost,random,31415
synflood,0.9989939637826962,0.993,0.995987963891675,1000,XGBoost,random,31415
tcp,0.9734251968503937,0.989,0.9811507936507936,1000,XGBoost,random,31415
tcpall,0.9911347517730497,0.9911347517730497,0.9911347517730497,564,XGBoost,random,31415
tcpfin1,0.9916492693110647,0.9958071278825996,0.9937238493723849,477,XGBoost,random,31415
teardrop,1.0,0.9957805907172996,0.9978858350951374,474,XGBoost,random,31415
winnuke,0.9919110212335692,0.981,0.9864253393665159,1000,XGBoost,random,31415
ackflood,0.9939393939393939,0.984,0.9889447236180905,1000,XGBoost,uncertainty,31415
ackpflood,0.8844444444444445,1.0,0.9386792452830188,199,XGBoost,uncertainty,31415
benign,0.9804123711340206,0.951,0.965482233502538,1000,XGBoost,uncertainty,31415
fraggle,0.9841584158415841,0.994,0.9890547263681592,1000,XGBoost,uncertainty,31415
icmpbig,1.0,1.0,1.0,967,XGBoost,uncertainty,31415
icmpflood,0.998998998998999,0.998,0.9984992496248124,1000,XGBoost,uncertainty,31415
land,1.0,1.0,1.0,464,XGBoost,uncertainty,31415
pingofdeath,1.0,1.0,1.0,1000,XGBoost,uncertainty,31415
routeip,1.0,0.9989304812834224,0.9994649545211343,935,XGBoost,uncertainty,31415
smurf,0.9960079840319361,0.998,0.997002997002997,1000,XGBoost,uncertainty,31415
syn,0.9958333333333333,0.9958333333333333,0.9958333333333333,480,XGBoost,uncertainty,31415
synflood,0.997002997002997,0.998,0.9975012493753124,1000,XGBoost,uncertainty,31415
tcp,0.9949899799599199,0.993,0.993993993993994,1000,XGBoost,uncertainty,31415
tcpall,0.9964539007092199,0.9964539007092199,0.9964539007092199,564,XGBoost,uncertainty,31415
tcpfin1,0.9958071278825996,0.9958071278825996,0.9958071278825996,477,XGBoost,uncertainty,31415
teardrop,1.0,1.0,1.0,474,XGBoost,uncertainty,31415
winnuke,0.9870646766169154,0.992,0.9895261845386534,1000,XGBoost,uncertainty,31415
ackflood,0.9949698189134809,0.989,0.9919759277833501,1000,XGBoost,hybrid_open_set,31415
ackpflood,1.0,1.0,1.0,199,XGBoost,hybrid_open_set,31415
benign,0.9683168316831683,0.978,0.9731343283582089,1000,XGBoost,hybrid_open_set,31415
fraggle,0.987012987012987,0.988,0.9875062468765617,1000,XGBoost,hybrid_open_set,31415
icmpbig,1.0,1.0,1.0,967,XGBoost,hybrid_open_set,31415
icmpflood,0.998998998998999,0.998,0.9984992496248124,1000,XGBoost,hybrid_open_set,31415
land,1.0,1.0,1.0,464,XGBoost,hybrid_open_set,31415
pingofdeath,0.999000999000999,1.0,0.9995002498750625,1000,XGBoost,hybrid_open_set,31415
routeip,0.9989293361884368,0.9978609625668449,0.9983948635634029,935,XGBoost,hybrid_open_set,31415
smurf,0.9970089730807578,1.0,0.9985022466300549,1000,XGBoost,hybrid_open_set,31415
syn,0.99375,0.99375,0.99375,480,XGBoost,hybrid_open_set,31415
synflood,1.0,0.997,0.9984977466199298,1000,XGBoost,hybrid_open_set,31415
tcp,0.9949748743718593,0.99,0.9924812030075187,1000,XGBoost,hybrid_open_set,31415
tcpall,0.9894366197183099,0.9964539007092199,0.9929328621908127,564,XGBoost,hybrid_open_set,31415
tcpfin1,0.9958071278825996,0.9958071278825996,0.9958071278825996,477,XGBoost,hybrid_open_set,31415
teardrop,1.0,1.0,1.0,474,XGBoost,hybrid_open_set,31415
winnuke,0.995987963891675,0.993,0.9944917376064096,1000,XGBoost,hybrid_open_set,31415
