model,strategy,seed,initial_labeled,active_labels_queried,final_labeled_total,uadr,full_discovery_success,labels_to_full_discovery,unknown_query_yield,hidden_samples_queried,mean_representation_redundancy,mean_max_pair_similarity,mean_group_redundancy,test_accuracy,test_macro_precision,test_macro_recall,test_macro_f1,test_binary_f1,test_hidden_macro_recall,test_ack_pair_macro_f1,test_land_precision,test_land_recall,test_land_f1,test_teardrop_precision,test_teardrop_recall,test_teardrop_f1,test_ackpflood_precision,test_ackpflood_recall,test_ackpflood_f1,test_ackflood_precision,test_ackflood_recall,test_ackflood_f1,first_discovery_land,first_discovery_ackpflood,first_discovery_teardrop
MLP,random,42,700,300,1000,1.0,True,103,0.08666666666666667,26,0.1164450403302908,0.9999820093313853,0.08333333333333336,0.9070058997050148,0.904388287726877,0.9127597090533014,0.899967574883724,0.9921478426395939,0.9985935302390999,0.9526899309342057,1.0,1.0,1.0,1.0,0.9957805907172996,0.9978858350951374,0.9004524886877828,1.0,0.9476190476190476,0.9751295336787564,0.941,0.9577608142493639,29,103,41
MLP,uncertainty,42,700,300,1000,1.0,True,30,0.16333333333333333,49,0.5789651982486248,0.9999942282835642,0.34333333333333327,0.8672566371681416,0.8390882897141664,0.862806160086248,0.8262253174760904,0.9945747566618797,0.6666666666666666,0.957605387926032,1.0,1.0,1.0,0.0,0.0,0.0,0.9128440366972477,1.0,0.9544364508393285,0.9792315680166147,0.943,0.9607743250127356,2,27,30
MLP,hybrid_open_set,42,700,300,1000,1.0,True,8,0.24666666666666667,74,0.17491342996557555,0.9897464116414388,0.006666666666666664,0.8925516224188791,0.9043614322201687,0.9136061258086483,0.8818572185033229,0.9948910353636146,0.9985935302390999,0.8792040487692662,1.0,1.0,1.0,1.0,0.9957805907172996,0.9978858350951374,0.7007042253521126,1.0,0.8240165631469979,0.9921348314606742,0.883,0.9343915343915344,1,8,7
MLP,random,2026,700,300,1000,1.0,True,99,0.09,27,0.1148931843539079,0.9999952415625254,0.060000000000000005,0.8968289085545723,0.9118380350523716,0.9147602156619654,0.8944600989053548,0.9923664122137404,0.9985935302390999,0.9602281915033639,1.0,1.0,1.0,1.0,0.9957805907172996,0.9978858350951374,0.9386792452830188,1.0,0.9683698296836983,0.9819341126461212,0.924,0.9520865533230294,12,8,99
MLP,uncertainty,2026,700,300,1000,1.0,True,81,0.16,48,0.6304850801825523,0.9999818205833435,0.39999999999999997,0.8516961651917404,0.8299669959936631,0.8054531706920512,0.7689161792538989,0.9933690688902125,0.3484087102177555,0.48463580509979404,1.0,1.0,1.0,0.0,0.0,0.0,1.0,0.04522613065326633,0.08653846153846154,0.8198970840480274,0.956,0.8827331486611265,1,43,81
MLP,hybrid_open_set,2026,700,300,1000,1.0,True,61,0.31,93,0.17271223912636438,0.9999938805898031,0.04333333333333333,0.9285398230088495,0.916549189369417,0.9299484476503443,0.9203561050941579,0.994771920022349,0.9985935302390999,0.9703582352533582,1.0,1.0,1.0,0.9978858350951374,0.9957805907172996,0.996832101372756,0.9476190476190476,1.0,0.9731051344743277,0.9795081967213115,0.956,0.9676113360323887,1,61,40
MLP,random,31415,700,300,1000,1.0,True,70,0.07666666666666666,23,0.12743772442142168,0.9999978442986807,0.10333333333333335,0.9079646017699115,0.918282492390389,0.9261267480558197,0.9047094284091034,0.994138522269628,0.9985935302390999,0.959222965013547,1.0,1.0,1.0,1.0,0.9957805907172996,0.9978858350951374,0.9170506912442397,1.0,0.9567307692307693,0.9822732012513035,0.942,0.9617151607963247,36,70,1
MLP,uncertainty,31415,700,300,1000,1.0,True,101,0.15333333333333332,46,0.6220992207527161,0.9999914914369583,0.35000000000000003,0.8105457227138643,0.7917070466706483,0.8012748319331867,0.7721252654337308,0.994532029535023,0.6666666666666666,0.9508163321892749,1.0,1.0,1.0,0.0,0.0,0.0,0.8883928571428571,1.0,0.9408983451536643,0.9802289281997919,0.942,0.9607343192248853,2,101,29
MLP,hybrid_open_set,31415,700,300,1000,1.0,True,7,0.25666666666666665,77,0.16571521510680517,0.9657792200644811,0.006666666666666664,0.8617994100294986,0.8759976323333171,0.8729678078577338,0.8562709809823443,0.9944553033627189,0.9985935302390999,0.9493532372410012,1.0,1.0,1.0,0.9978858350951374,0.9957805907172996,0.996832101372756,0.8923766816143498,1.0,0.943127962085308,0.9882478632478633,0.925,0.9555785123966942,1,4,7
RandomForest,random,42,700,300,1000,1.0,True,103,0.08666666666666667,26,0.11763080582022667,1.0000000596046448,0.08333333333333336,0.9883480825958703,0.9894850155935795,0.9900568465398787,0.9897297211089485,0.9958982119389909,0.9978751394345021,0.9902743142144639,1.0,0.9978448275862069,0.9989212513484358,1.0,0.9957805907172996,0.9978858350951374,1.0,1.0,1.0,0.9781094527363184,0.983,0.9805486284289276,29,103,41
RandomForest,uncertainty,42,700,300,1000,1.0,True,242,0.19333333333333333,58,0.48266733686129254,0.9999962598085403,0.25333333333333335,0.9581858407079646,0.9749335063476982,0.9352269710739103,0.9242138625820117,0.9976091807459356,0.6680731364275668,0.9942298043151029,1.0,1.0,1.0,1.0,0.004219409282700422,0.008403361344537815,1.0,1.0,1.0,0.9919436052366566,0.985,0.9884596086302058,1,28,242
RandomForest,hybrid_open_set,42,700,300,1000,1.0,True,40,0.32666666666666666,98,0.17555849999189377,1.0000000596046448,0.02,0.9929203539823008,0.9938139838448727,0.993287055741622,0.9935208174596316,0.9976080369956944,0.9949748743718594,0.9894626414808168,1.0,1.0,1.0,0.9978947368421053,1.0,0.9989462592202318,1.0,0.9849246231155779,0.9924050632911392,0.9850448654037887,0.988,0.9865202196704943,2,40,1
RandomForest,random,2026,700,300,1000,1.0,True,99,0.09,27,0.12962857261300087,1.0000000794728596,0.060000000000000005,0.987905604719764,0.9897337743811296,0.9892574282689921,0.9894521413092779,0.9955421111288012,0.9985935302390999,0.9915,1.0,1.0,1.0,1.0,0.9957805907172996,0.9978858350951374,1.0,1.0,1.0,0.983,0.983,0.983,12,8,99
RandomForest,uncertainty,2026,700,300,1000,1.0,True,289,0.12333333333333334,37,0.4574565663933754,0.9999942531188329,0.26000000000000006,0.9591445427728613,0.976076060629467,0.9359532536615516,0.9251379385125028,0.997847233296125,0.6663980945515199,0.9937204738348862,1.0,1.0,1.0,1.0,0.004219409282700422,0.008403361344537815,1.0,0.9949748743718593,0.9974811083123426,0.9939516129032258,0.986,0.9899598393574297,1,51,289
RandomForest,hybrid_open_set,2026,700,300,1000,1.0,True,67,0.31333333333333335,94,0.1829843676338593,0.9999667505423228,0.03,0.9920353982300885,0.993369302671835,0.993037236347134,0.9931461933176337,0.9971275831804037,0.9983249581239532,0.9900036594981583,1.0,1.0,1.0,1.0,1.0,1.0,1.0,0.9949748743718593,0.9974811083123426,0.9810568295114656,0.984,0.982526210683974,1,67,34
RandomForest,random,31415,700,300,1000,1.0,True,70,0.07666666666666666,23,0.11854252467552821,0.9999982714653015,0.10333333333333335,0.9905604719764012,0.9910846467436658,0.9916925599447377,0.991365750640596,0.996337288000637,0.9978751394345021,0.9927045710954122,1.0,0.9978448275862069,0.9989212513484358,1.0,0.9957805907172996,0.9978858350951374,0.995,1.0,0.9974937343358395,0.9949290060851927,0.981,0.9879154078549849,36,70,1
RandomForest,uncertainty,31415,700,300,1000,1.0,True,178,0.14333333333333334,43,0.4850386952360471,0.9999684244394302,0.27333333333333326,0.959070796460177,0.9757648568009168,0.936076779298271,0.92506976931715,0.9982471516213848,0.6680731364275668,0.9942298043151029,1.0,1.0,1.0,1.0,0.004219409282700422,0.008403361344537815,1.0,1.0,1.0,0.9919436052366566,0.985,0.9884596086302058,1,60,178
RandomForest,hybrid_open_set,31415,700,300,1000,1.0,True,65,0.31,93,0.17411419873436293,0.9999836434920629,0.013333333333333336,0.9941002949852508,0.9946878992622421,0.9949345336567772,0.9948045781242395,0.9982874666454259,1.0,0.9949698189134809,1.0,1.0,1.0,0.9957983193277311,1.0,0.9978947368421053,1.0,1.0,1.0,0.9959514170040485,0.984,0.9899396378269618,1,65,6
XGBoost,random,42,700,300,1000,1.0,True,103,0.08666666666666667,26,0.5818742116292318,0.9995834430058798,0.08333333333333336,0.9813421828908555,0.9765453085313522,0.9844910890556672,0.980015180253568,0.9926155312053359,0.9985935302390999,0.9370959529373255,1.0,1.0,1.0,1.0,0.9957805907172996,0.9978858350951374,0.8396624472573839,1.0,0.9128440366972477,0.9528487229862476,0.97,0.9613478691774033,29,103,41
XGBoost,uncertainty,42,700,300,1000,1.0,True,126,0.12666666666666668,38,0.8813986877600352,0.999985471367836,0.2833333333333333,0.9940265486725663,0.9946535091217963,0.9947563633259946,0.9947009295804312,0.997969664397468,1.0,0.9942287948787631,1.0,1.0,1.0,1.0,1.0,1.0,0.995,1.0,0.9974937343358395,0.9949596774193549,0.987,0.9909638554216867,115,126,10
XGBoost,hybrid_open_set,42,700,300,1000,1.0,True,134,0.3333333333333333,100,0.6783400674661001,0.9999993095795313,0.0,0.9938053097345133,0.9946491544939393,0.9946577808733298,0.9946518979628548,0.9976116551229998,1.0,0.9957393483709274,1.0,1.0,1.0,1.0,1.0,1.0,1.0,1.0,1.0,0.9939698492462311,0.989,0.9914786967418546,134,46,1
XGBoost,random,2026,700,300,1000,1.0,True,99,0.09,27,0.5901705076297125,0.9998582949241003,0.060000000000000005,0.9817846607669617,0.980513769125924,0.9845707541730775,0.9824161649508291,0.9932805852649994,0.9969184883630531,0.9744353207767842,0.9935760171306209,1.0,0.9967776584317938,1.0,0.9957805907172996,0.9978858350951374,0.9383886255924171,0.9949748743718593,0.9658536585365853,0.9820359281437125,0.984,0.983016983016983,12,8,99
XGBoost,uncertainty,2026,700,300,1000,1.0,True,154,0.19333333333333333,58,0.8795956820249557,0.9998709956804911,0.31,0.9940265486725663,0.9947481935706017,0.9947604526622639,0.9947430267154656,0.9980881064287421,1.0,0.9944612286002015,1.0,1.0,1.0,1.0,1.0,1.0,1.0,1.0,1.0,0.9959432048681541,0.982,0.9889224572004028,154,76,1
XGBoost,hybrid_open_set,2026,700,300,1000,1.0,True,134,0.33,99,0.6709711303313574,0.9999831368525823,0.01,0.993952802359882,0.9948155514584703,0.9948249907769752,0.994811031020709,0.9977302592282882,1.0,0.9949748743718593,1.0,1.0,1.0,1.0,1.0,1.0,1.0,1.0,1.0,0.9949494949494949,0.985,0.9899497487437185,41,134,1
XGBoost,random,31415,700,300,1000,1.0,True,70,0.07666666666666666,23,0.5939214875300726,0.9997763236363729,0.10333333333333335,0.9808259587020649,0.97660501302842,0.9839518733693928,0.9798962315074015,0.9921272365805169,0.9985935302390999,0.9330842956120092,0.9830508474576272,1.0,0.9914529914529915,1.0,0.9957805907172996,0.9978858350951374,0.8504273504273504,1.0,0.9191685912240185,0.947,0.947,0.947,36,70,1
XGBoost,uncertainty,31415,700,300,1000,1.0,True,187,0.10666666666666667,32,0.8737722933292389,0.9999857544898987,0.21666666666666667,0.9926991150442478,0.9885360955232566,0.993824990776975,0.9909555246914037,0.9972962226640159,1.0,0.9638119844505546,1.0,1.0,1.0,1.0,1.0,1.0,0.8844444444444445,1.0,0.9386792452830188,0.9939393939393939,0.984,0.9889447236180905,187,132,10
XGBoost,hybrid_open_set,31415,700,300,1000,1.0,True,119,0.32666666666666666,98,0.6816078076759974,0.999990443388621,0.0,0.9943952802359882,0.9949526194554866,0.9951101171269803,0.9950278700011014,0.9978494623655914,1.0,0.9959879638916751,1.0,1.0,1.0,1.0,1.0,1.0,1.0,1.0,1.0,0.9949698189134809,0.989,0.9919759277833501,119,93,1
