model,strategy,seed,round,cumulative_queries,uadr,unknown_query_yield_cumulative,representation_redundancy_round,max_pair_similarity_round,group_redundancy_round,validation_macro_f1,validation_hidden_macro_recall,queried_this_round,labeled_total,pool_remaining,discovered_hidden_count,discovered_hidden_classes,unknown_query_yield_round,mean_uncertainty_selected,mean_novelty_selected,mean_density_selected,discovered_new_classes_before_query
MLP,random,42,0,0,0.0,,,,,0.6430881299081707,0.0,,,,,,,,,,
MLP,random,42,1,25,0.0,0.0,0.1184496283531189,0.9999927282333374,0.040000000000000036,0.6390311905403905,0.0,25.0,725.0,46737.0,0.0,,0.0,,,,
MLP,random,42,2,50,0.6666666666666666,0.04,0.11935178190469742,0.9999970197677612,0.040000000000000036,0.813764230055209,0.6666666666666666,25.0,750.0,46712.0,2.0,"land,teardrop",0.08,,,,
MLP,random,42,3,75,0.6666666666666666,0.04,0.13123050332069397,0.999987006187439,0.16000000000000003,0.7798051888226075,0.6666666666666666,25.0,775.0,46687.0,2.0,"land,teardrop",0.04,,,,
MLP,random,42,4,100,0.6666666666666666,0.04,0.12822353839874268,0.9999810457229614,0.040000000000000036,0.8445471498371552,0.6666666666666666,25.0,800.0,46662.0,2.0,"land,teardrop",0.04,,,,
MLP,random,42,5,125,1.0,0.048,0.1036086454987526,0.9999976754188538,0.07999999999999996,0.8374789025857374,0.6833333333333332,25.0,825.0,46637.0,3.0,"ackpflood,land,teardrop",0.08,,,,
MLP,random,42,6,150,1.0,0.06,0.10713976621627808,0.9999760389328003,0.040000000000000036,0.8463488635445453,0.6866666666666666,25.0,850.0,46612.0,3.0,"ackpflood,land,teardrop",0.12,,,,
MLP,random,42,7,175,1.0,0.06285714285714286,0.09702549874782562,0.999996542930603,0.0,0.8536080631432961,0.6833333333333332,25.0,875.0,46587.0,3.0,"ackpflood,land,teardrop",0.08,,,,
MLP,random,42,8,200,1.0,0.065,0.10552036017179489,0.9998580813407898,0.0,0.8362038320345112,0.6833333333333332,25.0,900.0,46562.0,3.0,"ackpflood,land,teardrop",0.08,,,,
MLP,random,42,9,225,1.0,0.07555555555555556,0.12185836583375931,1.000000238418579,0.16000000000000003,0.818645545210722,1.0,25.0,925.0,46537.0,3.0,"ackpflood,land,teardrop",0.16,,,,
MLP,random,42,10,250,1.0,0.084,0.12536804378032684,0.9999984502792358,0.12,0.8492660505490676,1.0,25.0,950.0,46512.0,3.0,"ackpflood,land,teardrop",0.16,,,,
MLP,random,42,11,275,1.0,0.08727272727272728,0.095252625644207,0.9999991655349731,0.16000000000000003,0.8808198820689805,1.0,25.0,975.0,46487.0,3.0,"ackpflood,land,teardrop",0.12,,,,
MLP,random,42,12,300,1.0,0.08666666666666667,0.14431172609329224,1.0000001192092896,0.16000000000000003,0.9038063681277353,1.0,25.0,1000.0,46462.0,3.0,"ackpflood,land,teardrop",0.08,,,,
MLP,uncertainty,42,0,0,0.0,,,,,0.6430881299081707,0.0,,,,,,,,,,
MLP,uncertainty,42,1,25,0.3333333333333333,0.84,0.8063030242919922,1.0000003576278687,0.76,0.7125032984102615,0.3333333333333333,25.0,725.0,46737.0,1.0,land,0.84,0.9984405636787415,,,
MLP,uncertainty,42,2,50,1.0,0.5,0.3003861606121063,1.000000238418579,0.24,0.7228115200349405,0.3333333333333333,25.0,750.0,46712.0,3.0,"ackpflood,land,teardrop",0.16,0.9994332790374756,,,
MLP,uncertainty,42,3,75,1.0,0.64,0.9569602608680725,0.9999915957450867,0.64,0.7513322256231587,0.6666666666666666,25.0,775.0,46687.0,3.0,"ackpflood,land,teardrop",0.92,0.9988842010498047,,,
MLP,uncertainty,42,4,100,1.0,0.48,0.33154967427253723,0.999997615814209,0.07999999999999996,0.7469592112723037,0.6666666666666666,25.0,800.0,46662.0,3.0,"ackpflood,land,teardrop",0.0,0.9984378814697266,,,
MLP,uncertainty,42,5,125,1.0,0.392,0.656930148601532,0.9999920129776001,0.07999999999999996,0.7671400089049005,0.6666666666666666,25.0,825.0,46637.0,3.0,"ackpflood,land,teardrop",0.04,0.9986509680747986,,,
MLP,uncertainty,42,6,150,1.0,0.32666666666666666,0.23283763229846954,0.999995231628418,0.0,0.7483355193684497,0.6666666666666666,25.0,850.0,46612.0,3.0,"ackpflood,land,teardrop",0.0,0.9988257884979248,,,
MLP,uncertainty,42,7,175,1.0,0.28,0.998734712600708,0.9999999403953552,0.19999999999999996,0.8051851244895136,0.6666666666666666,25.0,875.0,46587.0,3.0,"ackpflood,land,teardrop",0.0,0.9994125366210938,,,
MLP,uncertainty,42,8,200,1.0,0.245,0.44960764050483704,1.0000001192092896,0.36,0.7898808295543208,0.6666666666666666,25.0,900.0,46562.0,3.0,"ackpflood,land,teardrop",0.0,0.9988661408424377,,,
MLP,uncertainty,42,9,225,1.0,0.21777777777777776,0.5862826704978943,1.0000001192092896,0.56,0.7417474364252448,0.6666666666666666,25.0,925.0,46537.0,3.0,"ackpflood,land,teardrop",0.0,0.9982989430427551,,,
MLP,uncertainty,42,10,250,1.0,0.196,0.7832993865013123,1.0,0.72,0.7891413154373794,0.6666666666666666,25.0,950.0,46512.0,3.0,"ackpflood,land,teardrop",0.0,0.9988715648651123,,,
MLP,uncertainty,42,11,275,1.0,0.1781818181818182,0.4262576401233673,0.9999946355819702,0.31999999999999995,0.7185253379253772,0.6666666666666666,25.0,975.0,46487.0,3.0,"ackpflood,land,teardrop",0.0,0.9962858557701111,,,
MLP,uncertainty,42,12,300,1.0,0.16333333333333333,0.41843342781066895,0.999958872795105,0.16000000000000003,0.8324800635202931,0.6666666666666666,25.0,1000.0,46462.0,3.0,"ackpflood,land,teardrop",0.0,0.9966371059417725,,,
MLP,hybrid_open_set,42,0,0,0.0,,,,,0.6430881299081707,0.0,,,,,,,,,,
MLP,hybrid_open_set,42,1,25,1.0,0.24,0.2515983283519745,1.000000238418579,0.07999999999999996,0.7117560848809015,0.3333333333333333,25.0,725.0,46737.0,3.0,"ackpflood,land,teardrop",0.24,0.9366920590400696,0.945835292339325,0.19515658915042877,
MLP,hybrid_open_set,42,2,50,1.0,0.16,0.15511079132556915,0.8771384954452515,0.0,0.7058940287261258,0.3333333333333333,25.0,750.0,46712.0,3.0,"ackpflood,land,teardrop",0.08,0.9126293659210205,0.895521342754364,0.2717995345592499,"ackpflood,land,teardrop"
MLP,hybrid_open_set,42,3,75,1.0,0.16,0.2258833348751068,0.9999958872795105,0.0,0.7891250870579997,0.6833333333333332,25.0,775.0,46687.0,3.0,"ackpflood,land,teardrop",0.16,0.9129081964492798,0.8781057596206665,0.4214468002319336,"ackpflood,land,teardrop"
MLP,hybrid_open_set,42,4,100,1.0,0.17,0.12975354492664337,0.9998393058776855,0.0,0.8647952134576703,1.0,25.0,800.0,46662.0,3.0,"ackpflood,land,teardrop",0.2,0.8553003072738647,0.7866683006286621,0.3945253789424896,"ackpflood,land,teardrop"
MLP,hybrid_open_set,42,5,125,1.0,0.176,0.22552508115768433,0.9999969601631165,0.0,0.8554693524322897,1.0,25.0,825.0,46637.0,3.0,"ackpflood,land,teardrop",0.2,0.8261367082595825,0.7106688618659973,0.5470999479293823,"ackpflood,land,teardrop"
MLP,hybrid_open_set,42,6,150,1.0,0.20666666666666667,0.12914295494556427,0.9999997615814209,0.0,0.8298077809059015,1.0,25.0,850.0,46612.0,3.0,"ackpflood,land,teardrop",0.36,0.7980853915214539,0.6678300499916077,0.5421729683876038,"ackpflood,land,teardrop"
MLP,hybrid_open_set,42,7,175,1.0,0.21714285714285714,0.15409085154533386,0.9999987483024597,0.0,0.8699130621475107,1.0,25.0,875.0,46587.0,3.0,"ackpflood,land,teardrop",0.28,0.7903972864151001,0.6544077396392822,0.3660773038864136,"ackpflood,land,teardrop"
MLP,hybrid_open_set,42,8,200,1.0,0.225,0.15518410503864288,0.999998152256012,0.0,0.8898741350822615,1.0,25.0,900.0,46562.0,3.0,"ackpflood,land,teardrop",0.28,0.843315601348877,0.6085965633392334,0.40379688143730164,"ackpflood,land,teardrop"
MLP,hybrid_open_set,42,9,225,1.0,0.2311111111111111,0.1435977965593338,0.999998152256012,0.0,0.8425347541649384,1.0,25.0,925.0,46537.0,3.0,"ackpflood,land,teardrop",0.28,0.8438606858253479,0.6384243965148926,0.4265516996383667,"ackpflood,land,teardrop"
MLP,hybrid_open_set,42,10,250,1.0,0.24,0.16553428769111633,0.9999988079071045,0.0,0.837091865615264,1.0,25.0,950.0,46512.0,3.0,"ackpflood,land,teardrop",0.32,0.8000011444091797,0.6322357058525085,0.4006723165512085,"ackpflood,land,teardrop"
MLP,hybrid_open_set,42,11,275,1.0,0.24363636363636362,0.16251227259635925,0.9999971389770508,0.0,0.8481026745728029,1.0,25.0,975.0,46487.0,3.0,"ackpflood,land,teardrop",0.28,0.8131312727928162,0.6426617503166199,0.47776785492897034,"ackpflood,land,teardrop"
MLP,hybrid_open_set,42,12,300,1.0,0.24666666666666667,0.20102781057357788,0.9999952912330627,0.0,0.888482819791695,1.0,25.0,1000.0,46462.0,3.0,"ackpflood,land,teardrop",0.28,0.7887412905693054,0.6490969061851501,0.45440346002578735,"ackpflood,land,teardrop"
MLP,random,2026,0,0,0.0,,,,,0.6391782350551677,0.0,,,,,,,,,,
MLP,random,2026,1,25,0.6666666666666666,0.2,0.16289542615413666,1.0,0.07999999999999996,0.7980400921187808,0.6666666666666666,25.0,725.0,46737.0,2.0,"ackpflood,land",0.2,,,,
MLP,random,2026,2,50,0.6666666666666666,0.1,0.11752510070800781,0.9999974966049194,0.040000000000000036,0.8127895027925558,0.6666666666666666,25.0,750.0,46712.0,2.0,"ackpflood,land",0.0,,,,
MLP,random,2026,3,75,0.6666666666666666,0.09333333333333334,0.10763972252607346,0.9999939799308777,0.16000000000000003,0.8078344945614615,0.6666666666666666,25.0,775.0,46687.0,2.0,"ackpflood,land",0.08,,,,
MLP,random,2026,4,100,1.0,0.09,0.1276867389678955,0.9999978542327881,0.040000000000000036,0.8322669319359218,1.0,25.0,800.0,46662.0,3.0,"ackpflood,land,teardrop",0.08,,,,
MLP,random,2026,5,125,1.0,0.088,0.10702836513519287,1.0,0.040000000000000036,0.8920572692345897,1.0,25.0,825.0,46637.0,3.0,"ackpflood,land,teardrop",0.08,,,,
MLP,random,2026,6,150,1.0,0.08666666666666667,0.13651974499225616,0.9999759197235107,0.040000000000000036,0.921701483608008,1.0,25.0,850.0,46612.0,3.0,"ackpflood,land,teardrop",0.08,,,,
MLP,random,2026,7,175,1.0,0.08571428571428572,0.0958491787314415,0.9999967813491821,0.07999999999999996,0.9449121929151258,1.0,25.0,875.0,46587.0,3.0,"ackpflood,land,teardrop",0.08,,,,
MLP,random,2026,8,200,1.0,0.09,0.0912342295050621,0.9999991059303284,0.0,0.8565830298380497,1.0,25.0,900.0,46562.0,3.0,"ackpflood,land,teardrop",0.12,,,,
MLP,random,2026,9,225,1.0,0.08888888888888889,0.12708108127117157,0.9999889135360718,0.040000000000000036,0.797527145993545,1.0,25.0,925.0,46537.0,3.0,"ackpflood,land,teardrop",0.08,,,,
MLP,random,2026,10,250,1.0,0.1,0.0864139050245285,1.0000001192092896,0.07999999999999996,0.8399338720920296,1.0,25.0,950.0,46512.0,3.0,"ackpflood,land,teardrop",0.2,,,,
MLP,random,2026,11,275,1.0,0.09818181818181818,0.10107401758432388,1.0,0.040000000000000036,0.8936011045502913,1.0,25.0,975.0,46487.0,3.0,"ackpflood,land,teardrop",0.08,,,,
MLP,random,2026,12,300,1.0,0.09,0.11777070164680481,0.9999927282333374,0.07999999999999996,0.8956437865541499,1.0,25.0,1000.0,46462.0,3.0,"ackpflood,land,teardrop",0.0,,,,
MLP,uncertainty,2026,0,0,0.0,,,,,0.6391782350551677,0.0,,,,,,,,,,
MLP,uncertainty,2026,1,25,0.3333333333333333,1.0,0.9999998211860657,1.0000001192092896,0.92,0.7484027954316539,0.3333333333333333,25.0,725.0,46737.0,1.0,land,1.0,0.998441219329834,,,
MLP,uncertainty,2026,2,50,0.6666666666666666,0.52,0.332780659198761,1.0000001192092896,0.07999999999999996,0.7338023666362787,0.3333333333333333,25.0,750.0,46712.0,2.0,"ackpflood,land",0.04,0.9995860457420349,,,
MLP,uncertainty,2026,3,75,0.6666666666666666,0.3466666666666667,0.6706986427307129,0.9999966621398926,0.6,0.7518660270408936,0.3333333333333333,25.0,775.0,46687.0,2.0,"ackpflood,land",0.0,0.9995985627174377,,,
MLP,uncertainty,2026,4,100,1.0,0.47,0.6249842643737793,1.0,0.56,0.7393571178855671,0.6566666666666666,25.0,800.0,46662.0,3.0,"ackpflood,land,teardrop",0.84,0.9996708631515503,,,
MLP,uncertainty,2026,5,125,1.0,0.376,0.967312216758728,0.9999992251396179,0.24,0.7328540285715514,0.35000000000000003,25.0,825.0,46637.0,3.0,"ackpflood,land,teardrop",0.0,0.9990981817245483,,,
MLP,uncertainty,2026,6,150,1.0,0.31333333333333335,0.26632213592529297,0.9998975396156311,0.07999999999999996,0.7653784472085093,0.35000000000000003,25.0,850.0,46612.0,3.0,"ackpflood,land,teardrop",0.0,0.9985992908477783,,,
MLP,uncertainty,2026,7,175,1.0,0.26857142857142857,0.632732629776001,0.9999112486839294,0.0,0.7732006565571252,0.35000000000000003,25.0,875.0,46587.0,3.0,"ackpflood,land,teardrop",0.0,0.9994533658027649,,,
MLP,uncertainty,2026,8,200,1.0,0.235,0.43846431374549866,1.0,0.52,0.7893700139038187,0.35000000000000003,25.0,900.0,46562.0,3.0,"ackpflood,land,teardrop",0.0,0.9996084570884705,,,
MLP,uncertainty,2026,9,225,1.0,0.2088888888888889,0.3393647074699402,0.9999940991401672,0.28,0.6893672443729661,0.35000000000000003,25.0,925.0,46537.0,3.0,"ackpflood,land,teardrop",0.0,0.9992521405220032,,,
MLP,uncertainty,2026,10,250,1.0,0.188,0.907522976398468,0.9999999403953552,0.6799999999999999,0.7075364988028509,0.35000000000000003,25.0,950.0,46512.0,3.0,"ackpflood,land,teardrop",0.0,0.995499849319458,,,
MLP,uncertainty,2026,11,275,1.0,0.1709090909090909,0.5598087310791016,0.9999843239784241,0.12,0.7743295656421288,0.35000000000000003,25.0,975.0,46487.0,3.0,"ackpflood,land,teardrop",0.0,0.9991133213043213,,,
MLP,uncertainty,2026,12,300,1.0,0.16,0.8258298635482788,0.9999985694885254,0.72,0.775627999608088,0.35000000000000003,25.0,1000.0,46462.0,3.0,"ackpflood,land,teardrop",0.04,0.9978474378585815,,,
MLP,hybrid_open_set,2026,0,0,0.0,,,,,0.6391782350551677,0.0,,,,,,,,,,
MLP,hybrid_open_set,2026,1,25,0.3333333333333333,0.56,0.4128263294696808,1.000000238418579,0.31999999999999995,0.7056401127242727,0.3333333333333333,25.0,725.0,46737.0,1.0,land,0.56,0.9233741164207458,0.9099018573760986,0.3997441530227661,
MLP,hybrid_open_set,2026,2,50,0.6666666666666666,0.44,0.15584072470664978,1.000000238418579,0.19999999999999996,0.7216599837400762,0.3333333333333333,25.0,750.0,46712.0,2.0,"land,teardrop",0.32,0.7801120281219482,0.6065337061882019,0.42104384303092957,land
MLP,hybrid_open_set,2026,3,75,1.0,0.37333333333333335,0.1388726830482483,0.9999985098838806,0.0,0.7932916904538432,0.6833333333333332,25.0,775.0,46687.0,3.0,"ackpflood,land,teardrop",0.24,0.845734715461731,0.8173518180847168,0.425344854593277,"land,teardrop"
MLP,hybrid_open_set,2026,4,100,1.0,0.37,0.1239142194390297,0.9999821782112122,0.0,0.7505119845546768,0.6833333333333332,25.0,800.0,46662.0,3.0,"ackpflood,land,teardrop",0.36,0.871395468711853,0.6544069051742554,0.3150571882724762,"ackpflood,land,teardrop"
MLP,hybrid_open_set,2026,5,125,1.0,0.352,0.1723015159368515,0.9999980330467224,0.0,0.9134803002997842,1.0,25.0,825.0,46637.0,3.0,"ackpflood,land,teardrop",0.28,0.8602201342582703,0.7695317268371582,0.44018781185150146,"ackpflood,land,teardrop"
MLP,hybrid_open_set,2026,6,150,1.0,0.34,0.134511336684227,0.9999972581863403,0.0,0.895612067824699,1.0,25.0,850.0,46612.0,3.0,"ackpflood,land,teardrop",0.28,0.7954040765762329,0.7324418425559998,0.3676578998565674,"ackpflood,land,teardrop"
MLP,hybrid_open_set,2026,7,175,1.0,0.3314285714285714,0.12022387236356735,0.9999951720237732,0.0,0.8942677763623226,1.0,25.0,875.0,46587.0,3.0,"ackpflood,land,teardrop",0.28,0.7876979112625122,0.6803321242332458,0.39533331990242004,"ackpflood,land,teardrop"
MLP,hybrid_open_set,2026,8,200,1.0,0.325,0.13297124207019806,0.9999961256980896,0.0,0.8288942028821936,1.0,25.0,900.0,46562.0,3.0,"ackpflood,land,teardrop",0.28,0.8170568943023682,0.6624677181243896,0.3766801953315735,"ackpflood,land,teardrop"
MLP,hybrid_open_set,2026,9,225,1.0,0.32,0.15247921645641327,0.9999982714653015,0.0,0.7883548864427226,1.0,25.0,925.0,46537.0,3.0,"ackpflood,land,teardrop",0.28,0.7484910488128662,0.6396812796592712,0.45943084359169006,"ackpflood,land,teardrop"
MLP,hybrid_open_set,2026,10,250,1.0,0.316,0.21120794117450714,0.9999976754188538,0.0,0.8396720849687299,1.0,25.0,950.0,46512.0,3.0,"ackpflood,land,teardrop",0.28,0.8007782697677612,0.6578417420387268,0.5089484453201294,"ackpflood,land,teardrop"
MLP,hybrid_open_set,2026,11,275,1.0,0.31272727272727274,0.14504633843898773,0.9999728202819824,0.0,0.9071544538432983,1.0,25.0,975.0,46487.0,3.0,"ackpflood,land,teardrop",0.28,0.8011207580566406,0.6174616813659668,0.4033898413181305,"ackpflood,land,teardrop"
MLP,hybrid_open_set,2026,12,300,1.0,0.31,0.17235144972801208,0.9999900460243225,0.0,0.9227365994532919,1.0,25.0,1000.0,46462.0,3.0,"ackpflood,land,teardrop",0.28,0.831114649772644,0.5778840780258179,0.4966530501842499,"ackpflood,land,teardrop"
MLP,random,31415,0,0,0.0,,,,,0.6187805830900865,0.0,,,,,,,,,,
MLP,random,31415,1,25,0.3333333333333333,0.12,0.13166193664073944,0.999992847442627,0.07999999999999996,0.6910684142182031,0.3333333333333333,25.0,725.0,46737.0,1.0,teardrop,0.12,,,,
MLP,random,31415,2,50,0.6666666666666666,0.12,0.10865621268749237,0.9999992847442627,0.0,0.7941090349391224,0.6666666666666666,25.0,750.0,46712.0,2.0,"land,teardrop",0.12,,,,
MLP,random,31415,3,75,1.0,0.10666666666666667,0.1594042032957077,0.9999995827674866,0.040000000000000036,0.8235578546137349,1.0,25.0,775.0,46687.0,3.0,"ackpflood,land,teardrop",0.08,,,,
MLP,random,31415,4,100,1.0,0.09,0.12919847667217255,0.9999982714653015,0.12,0.853239379125036,1.0,25.0,800.0,46662.0,3.0,"ackpflood,land,teardrop",0.04,,,,
MLP,random,31415,5,125,1.0,0.096,0.10788818448781967,0.9999997019767761,0.12,0.8815063462218117,1.0,25.0,825.0,46637.0,3.0,"ackpflood,land,teardrop",0.12,,,,
MLP,random,31415,6,150,1.0,0.09333333333333334,0.12321362644433975,1.0000003576278687,0.16000000000000003,0.8773625120958731,1.0,25.0,850.0,46612.0,3.0,"ackpflood,land,teardrop",0.08,,,,
MLP,random,31415,7,175,1.0,0.09142857142857143,0.11117231100797653,0.9999998807907104,0.12,0.8535538445986921,1.0,25.0,875.0,46587.0,3.0,"ackpflood,land,teardrop",0.08,,,,
MLP,random,31415,8,200,1.0,0.085,0.14853940904140472,0.9999997019767761,0.12,0.8915154578358857,1.0,25.0,900.0,46562.0,3.0,"ackpflood,land,teardrop",0.04,,,,
MLP,random,31415,9,225,1.0,0.08,0.1092691645026207,0.9999985098838806,0.12,0.8226462870909935,1.0,25.0,925.0,46537.0,3.0,"ackpflood,land,teardrop",0.04,,,,
MLP,random,31415,10,250,1.0,0.08,0.11159925162792206,0.9999990463256836,0.12,0.824938621507633,1.0,25.0,950.0,46512.0,3.0,"ackpflood,land,teardrop",0.08,,,,
MLP,random,31415,11,275,1.0,0.07272727272727272,0.17327621579170227,0.9999890327453613,0.12,0.8273155091261465,1.0,25.0,975.0,46487.0,3.0,"ackpflood,land,teardrop",0.0,,,,
MLP,random,31415,12,300,1.0,0.07666666666666666,0.11537370085716248,0.9999979138374329,0.12,0.9121554839971653,1.0,25.0,1000.0,46462.0,3.0,"ackpflood,land,teardrop",0.12,,,,
MLP,uncertainty,31415,0,0,0.0,,,,,0.6187805830900865,0.0,,,,,,,,,,
MLP,uncertainty,31415,1,25,0.3333333333333333,0.8,0.6468034982681274,1.0000004768371582,0.72,0.6784742077942861,0.3333333333333333,25.0,725.0,46737.0,1.0,land,0.8,0.9989559650421143,,,
MLP,uncertainty,31415,2,50,0.6666666666666666,0.42,0.7462249398231506,1.0,0.36,0.6971924862460818,0.3333333333333333,25.0,750.0,46712.0,2.0,"land,teardrop",0.04,0.9993452429771423,,,
MLP,uncertainty,31415,3,75,0.6666666666666666,0.28,0.5466066598892212,0.9999935626983643,0.0,0.7070355997568938,0.3333333333333333,25.0,775.0,46687.0,2.0,"land,teardrop",0.0,0.9989518523216248,,,
MLP,uncertainty,31415,4,100,0.6666666666666666,0.21,0.7303820848464966,0.9999955296516418,0.19999999999999996,0.7624042767471376,0.3333333333333333,25.0,800.0,46662.0,2.0,"land,teardrop",0.0,0.9980836510658264,,,
MLP,uncertainty,31415,5,125,1.0,0.176,0.35705265402793884,0.9999474883079529,0.24,0.7226440144466436,0.3333333333333333,25.0,825.0,46637.0,3.0,"ackpflood,land,teardrop",0.04,0.9977580904960632,,,
MLP,uncertainty,31415,6,150,1.0,0.15333333333333332,0.6057592034339905,1.0000001192092896,0.4,0.7489842150666801,0.35000000000000003,25.0,850.0,46612.0,3.0,"ackpflood,land,teardrop",0.04,0.999087393283844,,,
MLP,uncertainty,31415,7,175,1.0,0.2571428571428571,0.872881293296814,1.0,0.52,0.8013490581061924,0.6666666666666666,25.0,875.0,46587.0,3.0,"ackpflood,land,teardrop",0.88,0.9989171624183655,,,
MLP,uncertainty,31415,8,200,1.0,0.225,0.9102457761764526,0.9999920725822449,0.36,0.8373791697841869,0.6666666666666666,25.0,900.0,46562.0,3.0,"ackpflood,land,teardrop",0.0,0.9990070462226868,,,
MLP,uncertainty,31415,9,225,1.0,0.20444444444444446,0.47382915019989014,0.9999854564666748,0.12,0.7745679911907886,0.6666666666666666,25.0,925.0,46537.0,3.0,"ackpflood,land,teardrop",0.04,0.9977278113365173,,,
MLP,uncertainty,31415,10,250,1.0,0.184,0.5083397626876831,0.9999977350234985,0.48,0.7436150308612914,0.6666666666666666,25.0,950.0,46512.0,3.0,"ackpflood,land,teardrop",0.0,0.9979934692382812,,,
MLP,uncertainty,31415,11,275,1.0,0.16727272727272727,0.6385535001754761,0.9999880790710449,0.6,0.7609570881302372,0.6666666666666666,25.0,975.0,46487.0,3.0,"ackpflood,land,teardrop",0.0,0.9981732368469238,,,
MLP,uncertainty,31415,12,300,1.0,0.15333333333333332,0.4285121262073517,0.9999973773956299,0.19999999999999996,0.7787474546188159,0.6666666666666666,25.0,1000.0,46462.0,3.0,"ackpflood,land,teardrop",0.0,0.9985613226890564,,,
MLP,hybrid_open_set,31415,0,0,0.0,,,,,0.6187805830900865,0.0,,,,,,,,,,
MLP,hybrid_open_set,31415,1,25,1.0,0.4,0.25187864899635315,1.0000003576278687,0.07999999999999996,0.6949986488614961,0.3333333333333333,25.0,725.0,46737.0,3.0,"ackpflood,land,teardrop",0.4,0.9101046919822693,0.9285344481468201,0.369024395942688,
MLP,hybrid_open_set,31415,2,50,1.0,0.26,0.1325671374797821,0.7979952692985535,0.0,0.7038814985264417,0.35000000000000003,25.0,750.0,46712.0,3.0,"ackpflood,land,teardrop",0.12,0.9130780696868896,0.8641716241836548,0.33256545662879944,"ackpflood,land,teardrop"
MLP,hybrid_open_set,31415,3,75,1.0,0.2,0.151527538895607,0.7913861870765686,0.0,0.7966312305822018,0.6666666666666666,25.0,775.0,46687.0,3.0,"ackpflood,land,teardrop",0.08,0.861411988735199,0.8096662759780884,0.357792466878891,"ackpflood,land,teardrop"
MLP,hybrid_open_set,31415,4,100,1.0,0.19,0.13381870090961456,0.999988317489624,0.0,0.8391801096984316,0.9381153305203939,25.0,800.0,46662.0,3.0,"ackpflood,land,teardrop",0.16,0.8643681406974792,0.7965694665908813,0.4009091258049011,"ackpflood,land,teardrop"
MLP,hybrid_open_set,31415,5,125,1.0,0.208,0.13444657623767853,0.9999999403953552,0.0,0.8766427412560497,1.0,25.0,825.0,46637.0,3.0,"ackpflood,land,teardrop",0.28,0.8553164005279541,0.7228717803955078,0.4309251010417938,"ackpflood,land,teardrop"
MLP,hybrid_open_set,31415,6,150,1.0,0.22666666666666666,0.13596241176128387,0.9999980330467224,0.0,0.853949056140242,1.0,25.0,850.0,46612.0,3.0,"ackpflood,land,teardrop",0.32,0.8210965991020203,0.6108988523483276,0.44918179512023926,"ackpflood,land,teardrop"
MLP,hybrid_open_set,31415,7,175,1.0,0.2342857142857143,0.2640923261642456,0.999999463558197,0.0,0.8485059162242621,1.0,25.0,875.0,46587.0,3.0,"ackpflood,land,teardrop",0.28,0.7878791689872742,0.7017674446105957,0.6589090824127197,"ackpflood,land,teardrop"
MLP,hybrid_open_set,31415,8,200,1.0,0.24,0.17116205394268036,0.9999966025352478,0.0,0.8849874660379766,1.0,25.0,900.0,46562.0,3.0,"ackpflood,land,teardrop",0.28,0.8208796977996826,0.6190400719642639,0.4170833230018616,"ackpflood,land,teardrop"
MLP,hybrid_open_set,31415,9,225,1.0,0.24888888888888888,0.14639686048030853,0.9999967217445374,0.0,0.8462120295015169,1.0,25.0,925.0,46537.0,3.0,"ackpflood,land,teardrop",0.32,0.8051138520240784,0.6259899735450745,0.4519665539264679,"ackpflood,land,teardrop"
MLP,hybrid_open_set,31415,10,250,1.0,0.252,0.16201767325401306,0.9999979734420776,0.0,0.8421949512648004,1.0,25.0,950.0,46512.0,3.0,"ackpflood,land,teardrop",0.28,0.7503745555877686,0.6084554195404053,0.46427416801452637,"ackpflood,land,teardrop"
MLP,hybrid_open_set,31415,11,275,1.0,0.2545454545454545,0.1510538011789322,0.9999953508377075,0.0,0.8562292618166654,1.0,25.0,975.0,46487.0,3.0,"ackpflood,land,teardrop",0.28,0.7801660895347595,0.6261692643165588,0.5007531046867371,"ackpflood,land,teardrop"
MLP,hybrid_open_set,31415,12,300,1.0,0.25666666666666665,0.15365885198116302,0.9999964237213135,0.0,0.8626793480396727,1.0,25.0,1000.0,46462.0,3.0,"ackpflood,land,teardrop",0.28,0.8027174472808838,0.6331970691680908,0.48455485701560974,"ackpflood,land,teardrop"
RandomForest,random,42,0,0,0.0,,,,,0.7767267677991119,0.0,,,,,,,,,,
RandomForest,random,42,1,25,0.0,0.0,0.1083059161901474,1.0,0.040000000000000036,0.7770986993690908,0.0,25.0,725.0,46737.0,0.0,,0.0,,,,
RandomForest,random,42,2,50,0.6666666666666666,0.04,0.10529400408267975,1.0,0.040000000000000036,0.9250801822366074,0.6666666666666666,25.0,750.0,46712.0,2.0,"land,teardrop",0.08,,,,
RandomForest,random,42,3,75,0.6666666666666666,0.04,0.14853982627391815,1.0000001192092896,0.16000000000000003,0.9248671185307442,0.6652601969057665,25.0,775.0,46687.0,2.0,"land,teardrop",0.04,,,,
RandomForest,random,42,4,100,0.6666666666666666,0.04,0.11077826470136642,0.9999999403953552,0.040000000000000036,0.9253642723627695,0.6666666666666666,25.0,800.0,46662.0,2.0,"land,teardrop",0.04,,,,
RandomForest,random,42,5,125,1.0,0.048,0.1161542534828186,0.9999999403953552,0.07999999999999996,0.9649544371050719,0.82,25.0,825.0,46637.0,3.0,"ackpflood,land,teardrop",0.08,,,,
RandomForest,random,42,6,150,1.0,0.06,0.11530286073684692,1.0000001192092896,0.040000000000000036,0.9901146912955975,1.0,25.0,850.0,46612.0,3.0,"ackpflood,land,teardrop",0.12,,,,
RandomForest,random,42,7,175,1.0,0.06285714285714286,0.10056453198194504,1.0000001192092896,0.0,0.9890228314679139,1.0,25.0,875.0,46587.0,3.0,"ackpflood,land,teardrop",0.08,,,,
RandomForest,random,42,8,200,1.0,0.065,0.12279467284679413,1.0000001192092896,0.0,0.9897941190370856,1.0,25.0,900.0,46562.0,3.0,"ackpflood,land,teardrop",0.08,,,,
RandomForest,random,42,9,225,1.0,0.07555555555555556,0.13003388047218323,1.0000001192092896,0.16000000000000003,0.9903942623844673,1.0,25.0,925.0,46537.0,3.0,"ackpflood,land,teardrop",0.16,,,,
RandomForest,random,42,10,250,1.0,0.084,0.10001063346862793,1.0,0.12,0.9898289007563211,1.0,25.0,950.0,46512.0,3.0,"ackpflood,land,teardrop",0.16,,,,
RandomForest,random,42,11,275,1.0,0.08727272727272728,0.11254926025867462,1.0000001192092896,0.16000000000000003,0.9890437912316069,1.0,25.0,975.0,46487.0,3.0,"ackpflood,land,teardrop",0.12,,,,
RandomForest,random,42,12,300,1.0,0.08666666666666667,0.14124156534671783,1.0000001192092896,0.16000000000000003,0.9898054282783116,1.0,25.0,1000.0,46462.0,3.0,"ackpflood,land,teardrop",0.08,,,,
RandomForest,uncertainty,42,0,0,0.0,,,,,0.7767267677991119,0.0,,,,,,,,,,
RandomForest,uncertainty,42,1,25,0.3333333333333333,0.96,0.9086106419563293,1.0000001192092896,0.84,0.8549943144259218,0.3333333333333333,25.0,725.0,46737.0,1.0,land,0.96,0.9991509318351746,,,
RandomForest,uncertainty,42,2,50,0.6666666666666666,0.54,0.38744989037513733,1.0,0.07999999999999996,0.9182023139698942,0.6533333333333333,25.0,750.0,46712.0,2.0,"ackpflood,land",0.12,0.9995436072349548,,,
RandomForest,uncertainty,42,3,75,0.6666666666666666,0.6266666666666667,0.7333872318267822,1.0000001192092896,0.64,0.9191035763212133,0.6666666666666666,25.0,775.0,46687.0,2.0,"ackpflood,land",0.8,0.9990312457084656,,,
RandomForest,uncertainty,42,4,100,0.6666666666666666,0.48,0.3234768211841583,1.0000001192092896,0.24,0.9220506490169188,0.6666666666666666,25.0,800.0,46662.0,2.0,"ackpflood,land",0.04,0.9993158578872681,,,
RandomForest,uncertainty,42,5,125,0.6666666666666666,0.384,0.2842347323894501,0.9999894499778748,0.12,0.9220507782695071,0.6666666666666666,25.0,825.0,46637.0,2.0,"ackpflood,land",0.0,0.9990832805633545,,,
RandomForest,uncertainty,42,6,150,0.6666666666666666,0.32,0.3806134760379791,1.0000001192092896,0.12,0.9231294461911324,0.6666666666666666,25.0,850.0,46612.0,2.0,"ackpflood,land",0.0,0.9993537664413452,,,
RandomForest,uncertainty,42,7,175,0.6666666666666666,0.2742857142857143,0.4105147421360016,0.9999698996543884,0.19999999999999996,0.9234991612114901,0.6666666666666666,25.0,875.0,46587.0,2.0,"ackpflood,land",0.0,0.9992890357971191,,,
RandomForest,uncertainty,42,8,200,0.6666666666666666,0.24,0.37743276357650757,0.9999951720237732,0.040000000000000036,0.9236134066414232,0.6666666666666666,25.0,900.0,46562.0,2.0,"ackpflood,land",0.0,0.9987119436264038,,,
RandomForest,uncertainty,42,9,225,0.6666666666666666,0.21333333333333335,0.6519367694854736,0.9999998807907104,0.12,0.9235114309252089,0.6666666666666666,25.0,925.0,46537.0,2.0,"ackpflood,land",0.0,0.999428391456604,,,
RandomForest,uncertainty,42,10,250,1.0,0.196,0.5853990912437439,1.0000001192092896,0.28,0.9238626381964828,0.6666666666666666,25.0,950.0,46512.0,3.0,"ackpflood,land,teardrop",0.04,0.9992282390594482,,,
RandomForest,uncertainty,42,11,275,1.0,0.19636363636363635,0.39627188444137573,1.000000238418579,0.19999999999999996,0.9236224821893305,0.6666666666666666,25.0,975.0,46487.0,3.0,"ackpflood,land,teardrop",0.2,0.998985767364502,,,
RandomForest,uncertainty,42,12,300,1.0,0.19333333333333333,0.3526799976825714,0.9999998807907104,0.16000000000000003,0.9233800157363976,0.6666666666666666,25.0,1000.0,46462.0,3.0,"ackpflood,land,teardrop",0.16,0.9987848401069641,,,
RandomForest,hybrid_open_set,42,0,0,0.0,,,,,0.7767267677991119,0.0,,,,,,,,,,
RandomForest,hybrid_open_set,42,1,25,0.6666666666666666,0.4,0.3125559985637665,1.0000001192092896,0.24,0.9250205899113934,0.6610407876230661,25.0,725.0,46737.0,2.0,"land,teardrop",0.4,0.9035895466804504,0.933338463306427,0.33464786410331726,
RandomForest,hybrid_open_set,42,2,50,1.0,0.36,0.20830444991588593,1.0000001192092896,0.0,0.9389225326550601,0.7033333333333335,25.0,750.0,46712.0,3.0,"ackpflood,land,teardrop",0.32,0.8543556928634644,0.6577960848808289,0.4923955798149109,"land,teardrop"
RandomForest,hybrid_open_set,42,3,75,1.0,0.3333333333333333,0.18085677921772003,1.0,0.0,0.9914083878122227,1.0,25.0,775.0,46687.0,3.0,"ackpflood,land,teardrop",0.28,0.7854586243629456,0.6546646356582642,0.39535272121429443,"ackpflood,land,teardrop"
RandomForest,hybrid_open_set,42,4,100,1.0,0.35,0.19017815589904785,1.0,0.0,0.9926145047710009,1.0,25.0,800.0,46662.0,3.0,"ackpflood,land,teardrop",0.4,0.8367655873298645,0.7188734412193298,0.43809524178504944,"ackpflood,land,teardrop"
RandomForest,hybrid_open_set,42,5,125,1.0,0.336,0.18330618739128113,1.0,0.0,0.9927744374742355,1.0,25.0,825.0,46637.0,3.0,"ackpflood,land,teardrop",0.28,0.8082771897315979,0.660336434841156,0.4511836767196655,"ackpflood,land,teardrop"
RandomForest,hybrid_open_set,42,6,150,1.0,0.34,0.15807467699050903,1.0,0.0,0.9940789455902004,1.0,25.0,850.0,46612.0,3.0,"ackpflood,land,teardrop",0.36,0.7679892182350159,0.7172022461891174,0.5039322972297668,"ackpflood,land,teardrop"
RandomForest,hybrid_open_set,42,7,175,1.0,0.3314285714285714,0.16063351929187775,1.0,0.0,0.9941241152135033,1.0,25.0,875.0,46587.0,3.0,"ackpflood,land,teardrop",0.28,0.687102198600769,0.6549698710441589,0.4982120990753174,"ackpflood,land,teardrop"
RandomForest,hybrid_open_set,42,8,200,1.0,0.33,0.14243008196353912,1.0000001192092896,0.0,0.9940108398075622,1.0,25.0,900.0,46562.0,3.0,"ackpflood,land,teardrop",0.32,0.7249441742897034,0.6677207946777344,0.5116455554962158,"ackpflood,land,teardrop"
RandomForest,hybrid_open_set,42,9,225,1.0,0.3288888888888889,0.15136519074440002,1.0000001192092896,0.0,0.9937219665230198,1.0,25.0,925.0,46537.0,3.0,"ackpflood,land,teardrop",0.32,0.7313235998153687,0.6620984077453613,0.5105285048484802,"ackpflood,land,teardrop"
RandomForest,hybrid_open_set,42,10,250,1.0,0.336,0.15405412018299103,1.0,0.0,0.994287485706446,1.0,25.0,950.0,46512.0,3.0,"ackpflood,land,teardrop",0.4,0.7207213640213013,0.6721050143241882,0.5463636517524719,"ackpflood,land,teardrop"
RandomForest,hybrid_open_set,42,11,275,1.0,0.33090909090909093,0.13780027627944946,1.0000001192092896,0.0,0.9941696235650144,1.0,25.0,975.0,46487.0,3.0,"ackpflood,land,teardrop",0.28,0.6954792141914368,0.665570855140686,0.5032653212547302,"ackpflood,land,teardrop"
RandomForest,hybrid_open_set,42,12,300,1.0,0.32666666666666666,0.12714256346225739,1.0000001192092896,0.0,0.9938908467354393,1.0,25.0,1000.0,46462.0,3.0,"ackpflood,land,teardrop",0.28,0.7226033210754395,0.6809327602386475,0.5002597570419312,"ackpflood,land,teardrop"
RandomForest,random,2026,0,0,0.0,,,,,0.7793192533972877,0.0,,,,,,,,,,
RandomForest,random,2026,1,25,0.6666666666666666,0.2,0.1991010457277298,1.0,0.07999999999999996,0.9196126562186482,0.6666666666666666,25.0,725.0,46737.0,2.0,"ackpflood,land",0.2,,,,
RandomForest,random,2026,2,50,0.6666666666666666,0.1,0.09898523986339569,0.9999999403953552,0.040000000000000036,0.9200419803914166,0.6666666666666666,25.0,750.0,46712.0,2.0,"ackpflood,land",0.0,,,,
RandomForest,random,2026,3,75,0.6666666666666666,0.09333333333333334,0.1052783653140068,1.0000001192092896,0.16000000000000003,0.9205070202420419,0.6666666666666666,25.0,775.0,46687.0,2.0,"ackpflood,land",0.08,,,,
RandomForest,random,2026,4,100,1.0,0.09,0.14938907325267792,0.9999999403953552,0.040000000000000036,0.9894802682599625,0.9985935302390999,25.0,800.0,46662.0,3.0,"ackpflood,land,teardrop",0.08,,,,
RandomForest,random,2026,5,125,1.0,0.088,0.13760800659656525,1.0000001192092896,0.040000000000000036,0.9893696104112235,0.9971870604781997,25.0,825.0,46637.0,3.0,"ackpflood,land,teardrop",0.08,,,,
RandomForest,random,2026,6,150,1.0,0.08666666666666667,0.1505589336156845,1.0000001192092896,0.040000000000000036,0.989793319656443,1.0,25.0,850.0,46612.0,3.0,"ackpflood,land,teardrop",0.08,,,,
RandomForest,random,2026,7,175,1.0,0.08571428571428572,0.1264835000038147,1.0000001192092896,0.07999999999999996,0.9894223811179313,1.0,25.0,875.0,46587.0,3.0,"ackpflood,land,teardrop",0.08,,,,
RandomForest,random,2026,8,200,1.0,0.09,0.10377253592014313,1.0000001192092896,0.0,0.9895787446182686,1.0,25.0,900.0,46562.0,3.0,"ackpflood,land,teardrop",0.12,,,,
RandomForest,random,2026,9,225,1.0,0.08888888888888889,0.150901198387146,1.0000001192092896,0.040000000000000036,0.991204791030685,1.0,25.0,925.0,46537.0,3.0,"ackpflood,land,teardrop",0.08,,,,
RandomForest,random,2026,10,250,1.0,0.1,0.11052149534225464,1.0000001192092896,0.07999999999999996,0.9920327187751208,1.0,25.0,950.0,46512.0,3.0,"ackpflood,land,teardrop",0.2,,,,
RandomForest,random,2026,11,275,1.0,0.09818181818181818,0.09789936989545822,1.0000001192092896,0.040000000000000036,0.9909315181296428,1.0,25.0,975.0,46487.0,3.0,"ackpflood,land,teardrop",0.08,,,,
RandomForest,random,2026,12,300,1.0,0.09,0.1250441074371338,1.0000001192092896,0.07999999999999996,0.9905596114631225,1.0,25.0,1000.0,46462.0,3.0,"ackpflood,land,teardrop",0.0,,,,
RandomForest,uncertainty,2026,0,0,0.0,,,,,0.7793192533972877,0.0,,,,,,,,,,
RandomForest,uncertainty,2026,1,25,0.3333333333333333,0.72,0.5620662569999695,0.9999999403953552,0.72,0.856881396635385,0.3333333333333333,25.0,725.0,46737.0,1.0,land,0.72,0.9995869994163513,,,
RandomForest,uncertainty,2026,2,50,0.3333333333333333,0.36,0.5131502151489258,0.9999999403953552,0.16000000000000003,0.8561496427606314,0.3333333333333333,25.0,750.0,46712.0,1.0,land,0.0,0.9997256398200989,,,
RandomForest,uncertainty,2026,3,75,0.6666666666666666,0.28,0.3838618993759155,1.0,0.040000000000000036,0.9213274071359321,0.6566666666666666,25.0,775.0,46687.0,2.0,"ackpflood,land",0.12,0.9995996952056885,,,
RandomForest,uncertainty,2026,4,100,0.6666666666666666,0.29,0.47199708223342896,1.0,0.24,0.9217946356302855,0.6666666666666666,25.0,800.0,46662.0,2.0,"ackpflood,land",0.32,0.9995730519294739,,,
RandomForest,uncertainty,2026,5,125,0.6666666666666666,0.256,0.6940241456031799,0.9999998807907104,0.52,0.9230129608489754,0.6666666666666666,25.0,825.0,46637.0,2.0,"ackpflood,land",0.12,0.9995027780532837,,,
RandomForest,uncertainty,2026,6,150,0.6666666666666666,0.21333333333333335,0.7379472851753235,0.9999992251396179,0.31999999999999995,0.9244953142513359,0.6666666666666666,25.0,850.0,46612.0,2.0,"ackpflood,land",0.0,0.999610424041748,,,
RandomForest,uncertainty,2026,7,175,0.6666666666666666,0.18285714285714286,0.29828134179115295,0.999932050704956,0.040000000000000036,0.9243799338736903,0.6666666666666666,25.0,875.0,46587.0,2.0,"ackpflood,land",0.0,0.9994961023330688,,,
RandomForest,uncertainty,2026,8,200,0.6666666666666666,0.165,0.2706192135810852,1.0000001192092896,0.16000000000000003,0.9243724315377656,0.6666666666666666,25.0,900.0,46562.0,2.0,"ackpflood,land",0.04,0.9992347955703735,,,
RandomForest,uncertainty,2026,9,225,0.6666666666666666,0.14666666666666667,0.443703293800354,0.9999998807907104,0.07999999999999996,0.9240387801119652,0.6666666666666666,25.0,925.0,46537.0,2.0,"ackpflood,land",0.0,0.9991945624351501,,,
RandomForest,uncertainty,2026,10,250,0.6666666666666666,0.14,0.39992594718933105,0.9999998807907104,0.28,0.9239761490919041,0.6666666666666666,25.0,950.0,46512.0,2.0,"ackpflood,land",0.08,0.9992676377296448,,,
RandomForest,uncertainty,2026,11,275,0.6666666666666666,0.12727272727272726,0.40888622403144836,1.0,0.28,0.9237395512079155,0.6666666666666666,25.0,975.0,46487.0,2.0,"ackpflood,land",0.0,0.9991030693054199,,,
RandomForest,uncertainty,2026,12,300,1.0,0.12333333333333334,0.30501589179039,1.0000001192092896,0.28,0.9249644453061391,0.6666666666666666,25.0,1000.0,46462.0,3.0,"ackpflood,land,teardrop",0.08,0.9986473917961121,,,
RandomForest,hybrid_open_set,2026,0,0,0.0,,,,,0.7793192533972877,0.0,,,,,,,,,,
RandomForest,hybrid_open_set,2026,1,25,0.3333333333333333,0.28,0.3351432681083679,0.9999999403953552,0.16000000000000003,0.8559535715485689,0.3333333333333333,25.0,725.0,46737.0,1.0,land,0.28,0.8914744853973389,0.9035033583641052,0.2566801607608795,
RandomForest,hybrid_open_set,2026,2,50,0.6666666666666666,0.32,0.23211194574832916,0.9999999403953552,0.19999999999999996,0.927596008353074,0.6610407876230661,25.0,750.0,46712.0,2.0,"land,teardrop",0.36,0.8016359210014343,0.8128423094749451,0.5062012076377869,land
RandomForest,hybrid_open_set,2026,3,75,1.0,0.36,0.21926386654376984,1.0,0.0,0.9909048152297605,0.9766666666666667,25.0,775.0,46687.0,3.0,"ackpflood,land,teardrop",0.44,0.892789900302887,0.6786196231842041,0.49832993745803833,"land,teardrop"
RandomForest,hybrid_open_set,2026,4,100,1.0,0.35,0.19183464348316193,0.9999615550041199,0.0,0.9931458101771726,1.0,25.0,800.0,46662.0,3.0,"ackpflood,land,teardrop",0.32,0.8500679731369019,0.662895917892456,0.4170721471309662,"ackpflood,land,teardrop"
RandomForest,hybrid_open_set,2026,5,125,1.0,0.336,0.1702899932861328,1.0000001192092896,0.0,0.9930704356858074,1.0,25.0,825.0,46637.0,3.0,"ackpflood,land,teardrop",0.28,0.8332312107086182,0.7575225830078125,0.3836400508880615,"ackpflood,land,teardrop"
RandomForest,hybrid_open_set,2026,6,150,1.0,0.32666666666666666,0.2098054587841034,0.9996388554573059,0.0,0.9932603612591828,1.0,25.0,850.0,46612.0,3.0,"ackpflood,land,teardrop",0.28,0.8260443210601807,0.7091345191001892,0.4362294673919678,"ackpflood,land,teardrop"
RandomForest,hybrid_open_set,2026,7,175,1.0,0.32,0.14211039245128632,1.0000001192092896,0.0,0.9935968425382514,1.0,25.0,875.0,46587.0,3.0,"ackpflood,land,teardrop",0.28,0.7164459228515625,0.6651005744934082,0.5600841641426086,"ackpflood,land,teardrop"
RandomForest,hybrid_open_set,2026,8,200,1.0,0.315,0.11918748170137405,1.0000001192092896,0.0,0.9937526164682753,1.0,25.0,900.0,46562.0,3.0,"ackpflood,land,teardrop",0.28,0.7302756309509277,0.6800000071525574,0.4655371904373169,"ackpflood,land,teardrop"
RandomForest,hybrid_open_set,2026,9,225,1.0,0.32,0.13314642012119293,1.0000001192092896,0.0,0.9935104712607439,1.0,25.0,925.0,46537.0,3.0,"ackpflood,land,teardrop",0.36,0.732105016708374,0.655211865901947,0.46438416838645935,"ackpflood,land,teardrop"
RandomForest,hybrid_open_set,2026,10,250,1.0,0.316,0.15454484522342682,1.0000001192092896,0.0,0.9933043995126318,1.0,25.0,950.0,46512.0,3.0,"ackpflood,land,teardrop",0.28,0.7130073308944702,0.6939178705215454,0.5424203276634216,"ackpflood,land,teardrop"
RandomForest,hybrid_open_set,2026,11,275,1.0,0.31636363636363635,0.13249163329601288,1.0000001192092896,0.0,0.9937214993106671,1.0,25.0,975.0,46487.0,3.0,"ackpflood,land,teardrop",0.32,0.6852027177810669,0.6293203830718994,0.5509129166603088,"ackpflood,land,teardrop"
RandomForest,hybrid_open_set,2026,12,300,1.0,0.31333333333333335,0.15588246285915375,1.0,0.0,0.9938120495272086,1.0,25.0,1000.0,46462.0,3.0,"ackpflood,land,teardrop",0.28,0.6995522975921631,0.6366622447967529,0.5350420475006104,"ackpflood,land,teardrop"
RandomForest,random,31415,0,0,0.0,,,,,0.7796784017530447,0.0,,,,,,,,,,
RandomForest,random,31415,1,25,0.3333333333333333,0.12,0.14238163828849792,1.0,0.07999999999999996,0.847422119982795,0.3333333333333333,25.0,725.0,46737.0,1.0,teardrop,0.12,,,,
RandomForest,random,31415,2,50,0.6666666666666666,0.12,0.11018221825361252,1.0,0.0,0.9251442402192689,0.6666666666666666,25.0,750.0,46712.0,2.0,"land,teardrop",0.12,,,,
RandomForest,random,31415,3,75,1.0,0.10666666666666667,0.142230823636055,0.9999998807907104,0.040000000000000036,0.9843920774687092,1.0,25.0,775.0,46687.0,3.0,"ackpflood,land,teardrop",0.08,,,,
RandomForest,random,31415,4,100,1.0,0.09,0.12226416170597076,1.0000001192092896,0.12,0.9845565544769163,1.0,25.0,800.0,46662.0,3.0,"ackpflood,land,teardrop",0.04,,,,
RandomForest,random,31415,5,125,1.0,0.096,0.11016622185707092,1.0000001192092896,0.12,0.9842124420142004,1.0,25.0,825.0,46637.0,3.0,"ackpflood,land,teardrop",0.12,,,,
RandomForest,random,31415,6,150,1.0,0.09333333333333334,0.12250053137540817,0.9999785423278809,0.16000000000000003,0.9886128002238886,1.0,25.0,850.0,46612.0,3.0,"ackpflood,land,teardrop",0.08,,,,
RandomForest,random,31415,7,175,1.0,0.09142857142857143,0.1023184061050415,1.0000001192092896,0.12,0.9894599625324392,1.0,25.0,875.0,46587.0,3.0,"ackpflood,land,teardrop",0.08,,,,
RandomForest,random,31415,8,200,1.0,0.085,0.11387893557548523,1.0000001192092896,0.12,0.9899365076612876,1.0,25.0,900.0,46562.0,3.0,"ackpflood,land,teardrop",0.04,,,,
RandomForest,random,31415,9,225,1.0,0.08,0.1141904667019844,1.0000001192092896,0.12,0.9868475493621979,1.0,25.0,925.0,46537.0,3.0,"ackpflood,land,teardrop",0.04,,,,
RandomForest,random,31415,10,250,1.0,0.08,0.09301991760730743,1.0000001192092896,0.12,0.9920909025764792,1.0,25.0,950.0,46512.0,3.0,"ackpflood,land,teardrop",0.08,,,,
RandomForest,random,31415,11,275,1.0,0.07272727272727272,0.14449241757392883,1.0,0.12,0.9925050929067751,1.0,25.0,975.0,46487.0,3.0,"ackpflood,land,teardrop",0.0,,,,
RandomForest,random,31415,12,300,1.0,0.07666666666666666,0.1048845574259758,1.0000001192092896,0.12,0.9922705563117016,1.0,25.0,1000.0,46462.0,3.0,"ackpflood,land,teardrop",0.12,,,,
RandomForest,uncertainty,31415,0,0,0.0,,,,,0.7796784017530447,0.0,,,,,,,,,,
RandomForest,uncertainty,31415,1,25,0.3333333333333333,0.84,0.7128328084945679,1.0,0.72,0.8552422800149786,0.3333333333333333,25.0,725.0,46737.0,1.0,land,0.84,0.9986064434051514,,,
RandomForest,uncertainty,31415,2,50,0.3333333333333333,0.42,0.3716723620891571,0.9999999403953552,0.16000000000000003,0.8569470685811729,0.3333333333333333,25.0,750.0,46712.0,1.0,land,0.0,0.9995687007904053,,,
RandomForest,uncertainty,31415,3,75,0.6666666666666666,0.32,0.4039231240749359,0.9999562501907349,0.16000000000000003,0.9214206801339969,0.6666666666666666,25.0,775.0,46687.0,2.0,"ackpflood,land",0.12,0.9995114803314209,,,
RandomForest,uncertainty,31415,4,100,0.6666666666666666,0.26,0.36104750633239746,0.9999980330467224,0.12,0.9210028119504425,0.6666666666666666,25.0,800.0,46662.0,2.0,"ackpflood,land",0.08,0.9994814395904541,,,
RandomForest,uncertainty,31415,5,125,0.6666666666666666,0.208,0.7063296437263489,1.0000001192092896,0.4,0.9229023180224912,0.6666666666666666,25.0,825.0,46637.0,2.0,"ackpflood,land",0.0,0.9995002150535583,,,
RandomForest,uncertainty,31415,6,150,0.6666666666666666,0.20666666666666667,0.4785444140434265,1.0,0.24,0.9227123941160541,0.6633333333333333,25.0,850.0,46612.0,2.0,"ackpflood,land",0.2,0.999569296836853,,,
RandomForest,uncertainty,31415,7,175,0.6666666666666666,0.19428571428571428,0.35966774821281433,1.0000001192092896,0.31999999999999995,0.9229659801889115,0.6666666666666666,25.0,875.0,46587.0,2.0,"ackpflood,land",0.12,0.9993482232093811,,,
RandomForest,uncertainty,31415,8,200,1.0,0.18,0.5199364423751831,1.0000001192092896,0.36,0.9233645388310822,0.6666666666666666,25.0,900.0,46562.0,3.0,"ackpflood,land,teardrop",0.08,0.9994863867759705,,,
RandomForest,uncertainty,31415,9,225,1.0,0.1688888888888889,0.42876821756362915,0.9999983310699463,0.19999999999999996,0.9241771077687947,0.6666666666666666,25.0,925.0,46537.0,3.0,"ackpflood,land,teardrop",0.08,0.9992125630378723,,,
RandomForest,uncertainty,31415,10,250,1.0,0.152,0.7611137628555298,0.9999992847442627,0.36,0.9239926084192611,0.6666666666666666,25.0,950.0,46512.0,3.0,"ackpflood,land,teardrop",0.0,0.9996234178543091,,,
RandomForest,uncertainty,31415,11,275,1.0,0.14181818181818182,0.2990453243255615,0.9996688961982727,0.040000000000000036,0.9238330891764843,0.6666666666666666,25.0,975.0,46487.0,3.0,"ackpflood,land,teardrop",0.04,0.9991528391838074,,,
RandomForest,uncertainty,31415,12,300,1.0,0.14333333333333334,0.41758298873901367,1.0,0.19999999999999996,0.9239962916687875,0.6666666666666666,25.0,1000.0,46462.0,3.0,"ackpflood,land,teardrop",0.16,0.9992071390151978,,,
RandomForest,hybrid_open_set,31415,0,0,0.0,,,,,0.7796784017530447,0.0,,,,,,,,,,
RandomForest,hybrid_open_set,31415,1,25,0.6666666666666666,0.36,0.3142472207546234,1.0000001192092896,0.16000000000000003,0.9248521417973173,0.6624472573839663,25.0,725.0,46737.0,2.0,"land,teardrop",0.36,0.9199475646018982,0.9309749603271484,0.4108474850654602,
RandomForest,hybrid_open_set,31415,2,50,0.6666666666666666,0.32,0.195098415017128,0.9999999403953552,0.0,0.9248409186616638,0.6666666666666666,25.0,750.0,46712.0,2.0,"land,teardrop",0.28,0.8728482127189636,0.741858959197998,0.574999988079071,"land,teardrop"
RandomForest,hybrid_open_set,31415,3,75,1.0,0.3333333333333333,0.1682056337594986,0.9999998807907104,0.0,0.9416639194657762,0.7133333333333334,25.0,775.0,46687.0,3.0,"ackpflood,land,teardrop",0.36,0.7295096516609192,0.686726450920105,0.5418030023574829,"land,teardrop"
RandomForest,hybrid_open_set,31415,4,100,1.0,0.33,0.24762588739395142,0.9998033046722412,0.0,0.9930878697930117,1.0,25.0,800.0,46662.0,3.0,"ackpflood,land,teardrop",0.32,0.8565375804901123,0.7178906202316284,0.4054771661758423,"ackpflood,land,teardrop"
RandomForest,hybrid_open_set,31415,5,125,1.0,0.32,0.17090794444084167,1.0,0.0,0.9945580117251969,1.0,25.0,825.0,46637.0,3.0,"ackpflood,land,teardrop",0.28,0.8100253939628601,0.6900066137313843,0.5408230423927307,"ackpflood,land,teardrop"
RandomForest,hybrid_open_set,31415,6,150,1.0,0.32,0.17627334594726562,1.0,0.0,0.9944035636182579,1.0,25.0,850.0,46612.0,3.0,"ackpflood,land,teardrop",0.32,0.785703718662262,0.6929634213447571,0.5328952670097351,"ackpflood,land,teardrop"
RandomForest,hybrid_open_set,31415,7,175,1.0,0.3142857142857143,0.13838902115821838,1.0000001192092896,0.0,0.9939914023758272,1.0,25.0,875.0,46587.0,3.0,"ackpflood,land,teardrop",0.28,0.7197563648223877,0.7086181044578552,0.5512831211090088,"ackpflood,land,teardrop"
RandomForest,hybrid_open_set,31415,8,200,1.0,0.315,0.13598719239234924,1.0,0.0,0.9934024685036337,1.0,25.0,900.0,46562.0,3.0,"ackpflood,land,teardrop",0.32,0.7238139510154724,0.6561729907989502,0.5553374290466309,"ackpflood,land,teardrop"
RandomForest,hybrid_open_set,31415,9,225,1.0,0.3111111111111111,0.14831441640853882,1.0,0.0,0.9940399453510649,1.0,25.0,925.0,46537.0,3.0,"ackpflood,land,teardrop",0.28,0.7207615375518799,0.7129459977149963,0.4980487525463104,"ackpflood,land,teardrop"
RandomForest,hybrid_open_set,31415,10,250,1.0,0.312,0.1250194013118744,1.0000001192092896,0.0,0.9943911880837184,1.0,25.0,950.0,46512.0,3.0,"ackpflood,land,teardrop",0.32,0.7310418486595154,0.6988834142684937,0.515546441078186,"ackpflood,land,teardrop"
RandomForest,hybrid_open_set,31415,11,275,1.0,0.31272727272727274,0.13568302989006042,1.0000001192092896,0.0,0.9939114678431016,1.0,25.0,975.0,46487.0,3.0,"ackpflood,land,teardrop",0.32,0.7164320349693298,0.6867760419845581,0.5376100540161133,"ackpflood,land,teardrop"
RandomForest,hybrid_open_set,31415,12,300,1.0,0.31,0.13361887633800507,1.0000001192092896,0.0,0.994251018002421,1.0,25.0,1000.0,46462.0,3.0,"ackpflood,land,teardrop",0.28,0.6869931817054749,0.6554273962974548,0.5307337641716003,"ackpflood,land,teardrop"
XGBoost,random,42,0,0,0.0,,,,,0.7730973355793926,0.0,,,,,,,,,,
XGBoost,random,42,1,25,0.0,0.0,0.5410192608833313,0.9980059266090393,0.040000000000000036,0.7737249555742028,0.0,25.0,725.0,46737.0,0.0,,0.0,,,,
XGBoost,random,42,2,50,0.6666666666666666,0.04,0.5610870122909546,0.9994932413101196,0.040000000000000036,0.9192170402936058,0.6666666666666666,25.0,750.0,46712.0,2.0,"land,teardrop",0.08,,,,
XGBoost,random,42,3,75,0.6666666666666666,0.04,0.5959540605545044,0.99998939037323,0.16000000000000003,0.9199390854100081,0.6652601969057665,25.0,775.0,46687.0,2.0,"land,teardrop",0.04,,,,
XGBoost,random,42,4,100,0.6666666666666666,0.04,0.5542213916778564,0.9999975562095642,0.040000000000000036,0.9190994188910198,0.6666666666666666,25.0,800.0,46662.0,2.0,"land,teardrop",0.04,,,,
XGBoost,random,42,5,125,1.0,0.048,0.5618516206741333,0.9996638894081116,0.07999999999999996,0.9779393456980633,0.9966666666666667,25.0,825.0,46637.0,3.0,"ackpflood,land,teardrop",0.08,,,,
XGBoost,random,42,6,150,1.0,0.06,0.5736956596374512,0.9995265603065491,0.040000000000000036,0.9774933835246251,0.9966666666666667,25.0,850.0,46612.0,3.0,"ackpflood,land,teardrop",0.12,,,,
XGBoost,random,42,7,175,1.0,0.06285714285714286,0.5831758379936218,0.999048113822937,0.0,0.9772486370701785,0.9966666666666667,25.0,875.0,46587.0,3.0,"ackpflood,land,teardrop",0.08,,,,
XGBoost,random,42,8,200,1.0,0.065,0.5893321633338928,0.9994263648986816,0.0,0.9779762845962843,1.0,25.0,900.0,46562.0,3.0,"ackpflood,land,teardrop",0.08,,,,
XGBoost,random,42,9,225,1.0,0.07555555555555556,0.5815925002098083,0.9999672770500183,0.16000000000000003,0.9791263627316887,1.0,25.0,925.0,46537.0,3.0,"ackpflood,land,teardrop",0.16,,,,
XGBoost,random,42,10,250,1.0,0.084,0.6040355563163757,0.9999977350234985,0.12,0.9779164936730583,1.0,25.0,950.0,46512.0,3.0,"ackpflood,land,teardrop",0.16,,,,
XGBoost,random,42,11,275,1.0,0.08727272727272728,0.6052582859992981,0.9999942183494568,0.16000000000000003,0.9789347794662575,1.0,25.0,975.0,46487.0,3.0,"ackpflood,land,teardrop",0.12,,,,
XGBoost,random,42,12,300,1.0,0.08666666666666667,0.6312671899795532,0.9998910427093506,0.16000000000000003,0.9809993150331463,1.0,25.0,1000.0,46462.0,3.0,"ackpflood,land,teardrop",0.08,,,,
XGBoost,uncertainty,42,0,0,0.0,,,,,0.7730973355793926,0.0,,,,,,,,,,
XGBoost,uncertainty,42,1,25,0.3333333333333333,0.4,0.9687505960464478,1.0000001192092896,0.36,0.8436769363364773,0.3333333333333333,25.0,725.0,46737.0,1.0,teardrop,0.4,0.9994820356369019,,,
XGBoost,uncertainty,42,2,50,0.3333333333333333,0.2,0.9761587381362915,0.9999848008155823,0.36,0.8431196215769552,0.3333333333333333,25.0,750.0,46712.0,1.0,teardrop,0.0,0.9987890720367432,,,
XGBoost,uncertainty,42,3,75,0.3333333333333333,0.13333333333333333,0.9015534520149231,0.9999855756759644,0.12,0.8482188266187414,0.3333333333333333,25.0,775.0,46687.0,1.0,teardrop,0.0,0.9988098740577698,,,
XGBoost,uncertainty,42,4,100,0.3333333333333333,0.1,0.8408716917037964,0.9999703764915466,0.16000000000000003,0.8483695692098951,0.3333333333333333,25.0,800.0,46662.0,1.0,teardrop,0.0,0.998313844203949,,,
XGBoost,uncertainty,42,5,125,0.6666666666666666,0.104,0.8533654808998108,0.9999998211860657,0.28,0.9293560781357452,0.6666666666666666,25.0,825.0,46637.0,2.0,"land,teardrop",0.12,0.9980098009109497,,,
XGBoost,uncertainty,42,6,150,1.0,0.22,0.9643257856369019,1.0,0.52,0.9837950384307149,0.9366666666666666,25.0,850.0,46612.0,3.0,"ackpflood,land,teardrop",0.8,0.998776376247406,,,
XGBoost,uncertainty,42,7,175,1.0,0.18857142857142858,0.9477190971374512,0.9999763369560242,0.31999999999999995,0.991413236863122,1.0,25.0,875.0,46587.0,3.0,"ackpflood,land,teardrop",0.0,0.9993358850479126,,,
XGBoost,uncertainty,42,8,200,1.0,0.165,0.8621404767036438,0.999972403049469,0.28,0.9925943965280017,1.0,25.0,900.0,46562.0,3.0,"ackpflood,land,teardrop",0.0,0.9993138313293457,,,
XGBoost,uncertainty,42,9,225,1.0,0.14666666666666667,0.9093855619430542,1.0000001192092896,0.36,0.9944461772171825,1.0,25.0,925.0,46537.0,3.0,"ackpflood,land,teardrop",0.0,0.9992871284484863,,,
XGBoost,uncertainty,42,10,250,1.0,0.132,0.7884237766265869,1.0000001192092896,0.12,0.9941977862363798,1.0,25.0,950.0,46512.0,3.0,"ackpflood,land,teardrop",0.0,0.9990172386169434,,,
XGBoost,uncertainty,42,11,275,1.0,0.12,0.746331512928009,0.9999358654022217,0.19999999999999996,0.9945940137498934,1.0,25.0,975.0,46487.0,3.0,"ackpflood,land,teardrop",0.0,0.9988465905189514,,,
XGBoost,uncertainty,42,12,300,1.0,0.12666666666666668,0.8177580833435059,1.0000001192092896,0.31999999999999995,0.9944724332536701,1.0,25.0,1000.0,46462.0,3.0,"ackpflood,land,teardrop",0.2,0.9993005394935608,,,
XGBoost,hybrid_open_set,42,0,0,0.0,,,,,0.7730973355793926,0.0,,,,,,,,,,
XGBoost,hybrid_open_set,42,1,25,0.3333333333333333,0.64,0.7592141628265381,1.0,0.0,0.8473554406205211,0.3333333333333333,25.0,725.0,46737.0,1.0,teardrop,0.64,0.9076682925224304,0.9341562390327454,0.6521881222724915,
XGBoost,hybrid_open_set,42,2,50,0.6666666666666666,0.48,0.7174928784370422,0.9999999403953552,0.0,0.8673789155156744,0.39999999999999997,25.0,750.0,46712.0,2.0,"ackpflood,teardrop",0.32,0.7321978807449341,0.6558173298835754,0.5293483138084412,teardrop
XGBoost,hybrid_open_set,42,3,75,0.6666666666666666,0.41333333333333333,0.6496164202690125,1.000000238418579,0.0,0.8718676864227644,0.41,25.0,775.0,46687.0,2.0,"ackpflood,teardrop",0.28,0.8276445865631104,0.6775363087654114,0.5033884644508362,"ackpflood,teardrop"
XGBoost,hybrid_open_set,42,4,100,0.6666666666666666,0.38,0.7031954526901245,1.0000001192092896,0.0,0.8799061210334088,0.4366666666666667,25.0,800.0,46662.0,2.0,"ackpflood,teardrop",0.28,0.8366292715072632,0.7375128269195557,0.5302345156669617,"ackpflood,teardrop"
XGBoost,hybrid_open_set,42,5,125,0.6666666666666666,0.368,0.6806499361991882,1.0,0.0,0.9151689240881768,0.6666666666666666,25.0,825.0,46637.0,2.0,"ackpflood,teardrop",0.32,0.7663549184799194,0.6877331733703613,0.5255696177482605,"ackpflood,teardrop"
XGBoost,hybrid_open_set,42,6,150,1.0,0.37333333333333335,0.669969379901886,0.9999999403953552,0.0,0.9943233864404161,1.0,25.0,850.0,46612.0,3.0,"ackpflood,land,teardrop",0.4,0.7884186506271362,0.6757560968399048,0.5340585708618164,"ackpflood,teardrop"
XGBoost,hybrid_open_set,42,7,175,1.0,0.36,0.6669954657554626,0.9999915957450867,0.0,0.9926294522525038,1.0,25.0,875.0,46587.0,3.0,"ackpflood,land,teardrop",0.28,0.8784206509590149,0.8215871453285217,0.4879302978515625,"ackpflood,land,teardrop"
XGBoost,hybrid_open_set,42,8,200,1.0,0.35,0.6576077342033386,1.0,0.0,0.9939221426791953,1.0,25.0,900.0,46562.0,3.0,"ackpflood,land,teardrop",0.28,0.7218466401100159,0.6881595849990845,0.48026034235954285,"ackpflood,land,teardrop"
XGBoost,hybrid_open_set,42,9,225,1.0,0.3466666666666667,0.6507794260978699,1.0,0.0,0.9937263292395296,1.0,25.0,925.0,46537.0,3.0,"ackpflood,land,teardrop",0.32,0.7208824157714844,0.6547677516937256,0.46191301941871643,"ackpflood,land,teardrop"
XGBoost,hybrid_open_set,42,10,250,1.0,0.34,0.6513897180557251,0.9999999403953552,0.0,0.9935609819979445,1.0,25.0,950.0,46512.0,3.0,"ackpflood,land,teardrop",0.28,0.7265192270278931,0.6387613415718079,0.45324620604515076,"ackpflood,land,teardrop"
XGBoost,hybrid_open_set,42,11,275,1.0,0.33454545454545453,0.6587547659873962,0.9999999403953552,0.0,0.9949946998949478,1.0,25.0,975.0,46487.0,3.0,"ackpflood,land,teardrop",0.28,0.7127287983894348,0.6515233516693115,0.5092617273330688,"ackpflood,land,teardrop"
XGBoost,hybrid_open_set,42,12,300,1.0,0.3333333333333333,0.6744154691696167,1.0,0.0,0.9949358748176865,1.0,25.0,1000.0,46462.0,3.0,"ackpflood,land,teardrop",0.32,0.7172170281410217,0.6228662729263306,0.5388181805610657,"ackpflood,land,teardrop"
XGBoost,random,2026,0,0,0.0,,,,,0.775045181302697,0.0,,,,,,,,,,
XGBoost,random,2026,1,25,0.6666666666666666,0.2,0.6279905438423157,0.9995097517967224,0.07999999999999996,0.8840682608599877,0.45999999999999996,25.0,725.0,46737.0,2.0,"ackpflood,land",0.2,,,,
XGBoost,random,2026,2,50,0.6666666666666666,0.1,0.549963653087616,1.0,0.040000000000000036,0.8829851697083891,0.45,25.0,750.0,46712.0,2.0,"ackpflood,land",0.0,,,,
XGBoost,random,2026,3,75,0.6666666666666666,0.09333333333333334,0.5760263204574585,0.9998726844787598,0.16000000000000003,0.9028286666277293,0.5666666666666667,25.0,775.0,46687.0,2.0,"ackpflood,land",0.08,,,,
XGBoost,random,2026,4,100,1.0,0.09,0.5589868426322937,0.9999740123748779,0.040000000000000036,0.9734191592855211,0.8966666666666666,25.0,800.0,46662.0,3.0,"ackpflood,land,teardrop",0.08,,,,
XGBoost,random,2026,5,125,1.0,0.088,0.5694210529327393,0.9991356134414673,0.040000000000000036,0.9812125665534007,0.9466666666666667,25.0,825.0,46637.0,3.0,"ackpflood,land,teardrop",0.08,,,,
XGBoost,random,2026,6,150,1.0,0.08666666666666667,0.600307285785675,0.9999979734420776,0.040000000000000036,0.9862504119645389,1.0,25.0,850.0,46612.0,3.0,"ackpflood,land,teardrop",0.08,,,,
XGBoost,random,2026,7,175,1.0,0.08571428571428572,0.5986412167549133,0.9999680519104004,0.07999999999999996,0.9858604953678696,0.9966666666666667,25.0,875.0,46587.0,3.0,"ackpflood,land,teardrop",0.08,,,,
XGBoost,random,2026,8,200,1.0,0.09,0.5865816473960876,0.9999873042106628,0.0,0.985279403104356,1.0,25.0,900.0,46562.0,3.0,"ackpflood,land,teardrop",0.12,,,,
XGBoost,random,2026,9,225,1.0,0.08888888888888889,0.6021976470947266,0.9999975562095642,0.040000000000000036,0.987523864750405,1.0,25.0,925.0,46537.0,3.0,"ackpflood,land,teardrop",0.08,,,,
XGBoost,random,2026,10,250,1.0,0.1,0.6194703578948975,0.9999542236328125,0.07999999999999996,0.9875959804213326,1.0,25.0,950.0,46512.0,3.0,"ackpflood,land,teardrop",0.2,,,,
XGBoost,random,2026,11,275,1.0,0.09818181818181818,0.6062296628952026,0.999915361404419,0.040000000000000036,0.9855515884575133,1.0,25.0,975.0,46487.0,3.0,"ackpflood,land,teardrop",0.08,,,,
XGBoost,random,2026,12,300,1.0,0.09,0.5862298607826233,0.999987006187439,0.07999999999999996,0.9852651668291809,1.0,25.0,1000.0,46462.0,3.0,"ackpflood,land,teardrop",0.0,,,,
XGBoost,uncertainty,2026,0,0,0.0,,,,,0.775045181302697,0.0,,,,,,,,,,
XGBoost,uncertainty,2026,1,25,0.3333333333333333,1.0,0.999979555606842,0.9999999403953552,0.56,0.846165766991846,0.3333333333333333,25.0,725.0,46737.0,1.0,teardrop,1.0,0.9987301826477051,,,
XGBoost,uncertainty,2026,2,50,0.3333333333333333,0.5,0.9245114922523499,0.999995231628418,0.12,0.8482387962150398,0.3333333333333333,25.0,750.0,46712.0,1.0,teardrop,0.0,0.9990938305854797,,,
XGBoost,uncertainty,2026,3,75,0.3333333333333333,0.3333333333333333,0.9003252387046814,0.9999977350234985,0.28,0.8482976882811104,0.3333333333333333,25.0,775.0,46687.0,1.0,teardrop,0.0,0.9991353750228882,,,
XGBoost,uncertainty,2026,4,100,0.6666666666666666,0.47,0.9794458746910095,0.9999999403953552,0.48,0.9106625474061311,0.6666666666666666,25.0,800.0,46662.0,2.0,"ackpflood,teardrop",0.88,0.9986286163330078,,,
XGBoost,uncertainty,2026,5,125,0.6666666666666666,0.376,0.9347249269485474,0.9997575283050537,0.16000000000000003,0.9099594805190402,0.6666666666666666,25.0,825.0,46637.0,2.0,"ackpflood,teardrop",0.0,0.9988112449645996,,,
XGBoost,uncertainty,2026,6,150,0.6666666666666666,0.31333333333333335,0.8905547261238098,1.0000001192092896,0.4,0.9129110885351082,0.6666666666666666,25.0,850.0,46612.0,2.0,"ackpflood,teardrop",0.0,0.9991573095321655,,,
XGBoost,uncertainty,2026,7,175,1.0,0.2914285714285714,0.8002125024795532,1.0,0.16000000000000003,0.9922047052113969,1.0,25.0,875.0,46587.0,3.0,"ackpflood,land,teardrop",0.16,0.9985740780830383,,,
XGBoost,uncertainty,2026,8,200,1.0,0.255,0.8599611520767212,1.0,0.28,0.9947802305160697,1.0,25.0,900.0,46562.0,3.0,"ackpflood,land,teardrop",0.0,0.9986706376075745,,,
XGBoost,uncertainty,2026,9,225,1.0,0.22666666666666666,0.8236157894134521,0.9999911785125732,0.24,0.9946643328946969,1.0,25.0,925.0,46537.0,3.0,"ackpflood,land,teardrop",0.0,0.9989214539527893,,,
XGBoost,uncertainty,2026,10,250,1.0,0.204,0.7381196618080139,0.9987184405326843,0.16000000000000003,0.9963068025250756,1.0,25.0,950.0,46512.0,3.0,"ackpflood,land,teardrop",0.0,0.998993456363678,,,
XGBoost,uncertainty,2026,11,275,1.0,0.2109090909090909,0.9461193680763245,1.000000238418579,0.76,0.9964231860340536,1.0,25.0,975.0,46487.0,3.0,"ackpflood,land,teardrop",0.28,0.9995056986808777,,,
XGBoost,uncertainty,2026,12,300,1.0,0.19333333333333333,0.7575778961181641,0.9999915957450867,0.12,0.9956000665916924,1.0,25.0,1000.0,46462.0,3.0,"ackpflood,land,teardrop",0.0,0.9991710186004639,,,
XGBoost,hybrid_open_set,2026,0,0,0.0,,,,,0.775045181302697,0.0,,,,,,,,,,
XGBoost,hybrid_open_set,2026,1,25,0.3333333333333333,0.44,0.70877605676651,1.0000001192092896,0.0,0.8478904692665784,0.3333333333333333,25.0,725.0,46737.0,1.0,teardrop,0.44,0.8888292908668518,0.9253804683685303,0.502566397190094,
XGBoost,hybrid_open_set,2026,2,50,0.6666666666666666,0.38,0.7142666578292847,1.0000001192092896,0.12,0.9256392238031024,0.6666666666666666,25.0,750.0,46712.0,2.0,"land,teardrop",0.32,0.7276809811592102,0.6460433006286621,0.5158451795578003,teardrop
XGBoost,hybrid_open_set,2026,3,75,0.6666666666666666,0.37333333333333335,0.6619621515274048,1.0,0.0,0.9266278735878841,0.6666666666666666,25.0,775.0,46687.0,2.0,"land,teardrop",0.36,0.8283484578132629,0.7081218957901001,0.46177423000335693,"land,teardrop"
XGBoost,hybrid_open_set,2026,4,100,0.6666666666666666,0.35,0.6401070952415466,0.9999998807907104,0.0,0.9271581181358661,0.6666666666666666,25.0,800.0,46662.0,2.0,"land,teardrop",0.28,0.786186695098877,0.691516101360321,0.5533871054649353,"land,teardrop"
XGBoost,hybrid_open_set,2026,5,125,0.6666666666666666,0.344,0.667507529258728,1.0,0.0,0.9278822615231478,0.6666666666666666,25.0,825.0,46637.0,2.0,"land,teardrop",0.32,0.7702736854553223,0.6765941381454468,0.518912136554718,"land,teardrop"
XGBoost,hybrid_open_set,2026,6,150,1.0,0.34,0.678439199924469,0.9999999403953552,0.0,0.9484513692907038,0.7266666666666666,25.0,850.0,46612.0,3.0,"ackpflood,land,teardrop",0.32,0.7173275947570801,0.6477708220481873,0.4467768967151642,"land,teardrop"
XGBoost,hybrid_open_set,2026,7,175,1.0,0.35428571428571426,0.6837574243545532,1.0,0.0,0.9918878649292796,1.0,25.0,875.0,46587.0,3.0,"ackpflood,land,teardrop",0.44,0.7833924889564514,0.6750689744949341,0.5564516186714172,"ackpflood,land,teardrop"
XGBoost,hybrid_open_set,2026,8,200,1.0,0.345,0.6713376641273499,0.9999999403953552,0.0,0.994846078027823,1.0,25.0,900.0,46562.0,3.0,"ackpflood,land,teardrop",0.28,0.785370945930481,0.643879234790802,0.47661179304122925,"ackpflood,land,teardrop"
XGBoost,hybrid_open_set,2026,9,225,1.0,0.3422222222222222,0.6628907322883606,0.9997977018356323,0.0,0.9950871260852928,1.0,25.0,925.0,46537.0,3.0,"ackpflood,land,teardrop",0.32,0.7954773902893066,0.627949595451355,0.45490023493766785,"ackpflood,land,teardrop"
XGBoost,hybrid_open_set,2026,10,250,1.0,0.336,0.6526376605033875,1.0,0.0,0.9956697860454151,1.0,25.0,950.0,46512.0,3.0,"ackpflood,land,teardrop",0.28,0.7717041969299316,0.6228837966918945,0.4980555772781372,"ackpflood,land,teardrop"
XGBoost,hybrid_open_set,2026,11,275,1.0,0.33454545454545453,0.6436494588851929,0.9999999403953552,0.0,0.9960731881070655,1.0,25.0,975.0,46487.0,3.0,"ackpflood,land,teardrop",0.32,0.7643389701843262,0.6491213440895081,0.464895099401474,"ackpflood,land,teardrop"
XGBoost,hybrid_open_set,2026,12,300,1.0,0.33,0.6663219332695007,1.0,0.0,0.9960286497077362,1.0,25.0,1000.0,46462.0,3.0,"ackpflood,land,teardrop",0.28,0.7457081079483032,0.6101837158203125,0.5057008862495422,"ackpflood,land,teardrop"
XGBoost,random,31415,0,0,0.0,,,,,0.771343687385753,0.0,,,,,,,,,,
XGBoost,random,31415,1,25,0.3333333333333333,0.12,0.5738062858581543,0.9999985694885254,0.07999999999999996,0.8410181621742518,0.3333333333333333,25.0,725.0,46737.0,1.0,teardrop,0.12,,,,
XGBoost,random,31415,2,50,0.6666666666666666,0.12,0.5481218099594116,0.9999988675117493,0.0,0.9205401886455227,0.6666666666666666,25.0,750.0,46712.0,2.0,"land,teardrop",0.12,,,,
XGBoost,random,31415,3,75,1.0,0.10666666666666667,0.5976933836936951,0.9991418123245239,0.040000000000000036,0.9791575039389232,1.0,25.0,775.0,46687.0,3.0,"ackpflood,land,teardrop",0.08,,,,
XGBoost,random,31415,4,100,1.0,0.09,0.6095876097679138,0.9993749856948853,0.12,0.9787205229167981,1.0,25.0,800.0,46662.0,3.0,"ackpflood,land,teardrop",0.04,,,,
XGBoost,random,31415,5,125,1.0,0.096,0.566654622554779,0.9999999403953552,0.12,0.9783643025202622,1.0,25.0,825.0,46637.0,3.0,"ackpflood,land,teardrop",0.12,,,,
XGBoost,random,31415,6,150,1.0,0.09333333333333334,0.5980122089385986,0.9998253583908081,0.16000000000000003,0.9839990347682359,1.0,25.0,850.0,46612.0,3.0,"ackpflood,land,teardrop",0.08,,,,
XGBoost,random,31415,7,175,1.0,0.09142857142857143,0.6006684303283691,0.9995998740196228,0.12,0.984762668145724,1.0,25.0,875.0,46587.0,3.0,"ackpflood,land,teardrop",0.08,,,,
XGBoost,random,31415,8,200,1.0,0.085,0.6186032295227051,0.9996663331985474,0.12,0.9846387738185766,1.0,25.0,900.0,46562.0,3.0,"ackpflood,land,teardrop",0.04,,,,
XGBoost,random,31415,9,225,1.0,0.08,0.5820443630218506,0.9999396204948425,0.12,0.9816531463027854,1.0,25.0,925.0,46537.0,3.0,"ackpflood,land,teardrop",0.04,,,,
XGBoost,random,31415,10,250,1.0,0.08,0.5969516038894653,0.9999744892120361,0.12,0.9816573293601382,1.0,25.0,950.0,46512.0,3.0,"ackpflood,land,teardrop",0.08,,,,
XGBoost,random,31415,11,275,1.0,0.07272727272727272,0.61043381690979,0.9999792575836182,0.12,0.9860222902755629,1.0,25.0,975.0,46487.0,3.0,"ackpflood,land,teardrop",0.0,,,,
XGBoost,random,31415,12,300,1.0,0.07666666666666666,0.6244804859161377,0.9998167753219604,0.12,0.9813187913006687,1.0,25.0,1000.0,46462.0,3.0,"ackpflood,land,teardrop",0.12,,,,
XGBoost,uncertainty,31415,0,0,0.0,,,,,0.771343687385753,0.0,,,,,,,,,,
XGBoost,uncertainty,31415,1,25,0.3333333333333333,0.64,0.9889878630638123,0.9999999403953552,0.31999999999999995,0.8422263690446115,0.3333333333333333,25.0,725.0,46737.0,1.0,teardrop,0.64,0.9983051419258118,,,
XGBoost,uncertainty,31415,2,50,0.3333333333333333,0.32,0.9786892533302307,1.0000001192092896,0.24,0.844765710855694,0.3333333333333333,25.0,750.0,46712.0,1.0,teardrop,0.0,0.999427318572998,,,
XGBoost,uncertainty,31415,3,75,0.3333333333333333,0.21333333333333335,0.9183834791183472,0.9999977350234985,0.12,0.8458220666711399,0.3333333333333333,25.0,775.0,46687.0,1.0,teardrop,0.0,0.9991695284843445,,,
XGBoost,uncertainty,31415,4,100,0.3333333333333333,0.16,0.883999228477478,1.0,0.07999999999999996,0.8482672798236988,0.3333333333333333,25.0,800.0,46662.0,1.0,teardrop,0.0,0.9987038373947144,,,
XGBoost,uncertainty,31415,5,125,0.3333333333333333,0.128,0.8509215116500854,1.0,0.16000000000000003,0.8502652966803552,0.3333333333333333,25.0,825.0,46637.0,1.0,teardrop,0.0,0.9987494945526123,,,
XGBoost,uncertainty,31415,6,150,0.6666666666666666,0.14666666666666667,0.9553325176239014,0.9999647736549377,0.24,0.9101440652355337,0.6666666666666666,25.0,850.0,46612.0,2.0,"ackpflood,teardrop",0.24,0.9984983205795288,,,
XGBoost,uncertainty,31415,7,175,0.6666666666666666,0.12571428571428572,0.8623385429382324,0.9999948143959045,0.19999999999999996,0.9111986892942991,0.6666666666666666,25.0,875.0,46587.0,2.0,"ackpflood,teardrop",0.0,0.9993419051170349,,,
XGBoost,uncertainty,31415,8,200,1.0,0.12,0.8292390704154968,1.0,0.12,0.9897419610969855,1.0,25.0,900.0,46562.0,3.0,"ackpflood,land,teardrop",0.08,0.9992318749427795,,,
XGBoost,uncertainty,31415,9,225,1.0,0.1111111111111111,0.8855897784233093,0.9999971389770508,0.16000000000000003,0.989535078863359,1.0,25.0,925.0,46537.0,3.0,"ackpflood,land,teardrop",0.04,0.9986822009086609,,,
XGBoost,uncertainty,31415,10,250,1.0,0.1,0.8090444207191467,0.9999999403953552,0.19999999999999996,0.9908591775331919,1.0,25.0,950.0,46512.0,3.0,"ackpflood,land,teardrop",0.0,0.9992710947990417,,,
XGBoost,uncertainty,31415,11,275,1.0,0.11636363636363636,0.8078034520149231,1.0000001192092896,0.64,0.9909523381284501,1.0,25.0,975.0,46487.0,3.0,"ackpflood,land,teardrop",0.28,0.9991686940193176,,,
XGBoost,uncertainty,31415,12,300,1.0,0.10666666666666667,0.7149384021759033,0.999874472618103,0.12,0.9904373755148361,1.0,25.0,1000.0,46462.0,3.0,"ackpflood,land,teardrop",0.0,0.9991024732589722,,,
XGBoost,hybrid_open_set,31415,0,0,0.0,,,,,0.771343687385753,0.0,,,,,,,,,,
XGBoost,hybrid_open_set,31415,1,25,0.3333333333333333,0.52,0.7829170227050781,1.0000001192092896,0.0,0.8411377214254984,0.3333333333333333,25.0,725.0,46737.0,1.0,teardrop,0.52,0.9205370545387268,0.9222984910011292,0.5688056349754333,
XGBoost,hybrid_open_set,31415,2,50,0.3333333333333333,0.4,0.7006341218948364,1.0,0.0,0.8439745790721229,0.3333333333333333,25.0,750.0,46712.0,1.0,teardrop,0.28,0.7705516219139099,0.6888300180435181,0.6534677743911743,teardrop
XGBoost,hybrid_open_set,31415,3,75,0.3333333333333333,0.36,0.6857465505599976,1.0000001192092896,0.0,0.845491504875631,0.3333333333333333,25.0,775.0,46687.0,1.0,teardrop,0.28,0.7363494038581848,0.6573672294616699,0.5113656520843506,teardrop
XGBoost,hybrid_open_set,31415,4,100,0.6666666666666666,0.37,0.710457444190979,1.0000001192092896,0.0,0.8794312499790106,0.4533333333333333,25.0,800.0,46662.0,2.0,"ackpflood,teardrop",0.4,0.7542573809623718,0.6436173319816589,0.5749682784080505,teardrop
XGBoost,hybrid_open_set,31415,5,125,1.0,0.36,0.6670903563499451,0.999885082244873,0.0,0.9785970961679202,0.8966666666666666,25.0,825.0,46637.0,3.0,"ackpflood,land,teardrop",0.32,0.8698942065238953,0.8274670243263245,0.4500623941421509,"ackpflood,teardrop"
XGBoost,hybrid_open_set,31415,6,150,1.0,0.35333333333333333,0.6168522238731384,1.0,0.0,0.9912346784404953,1.0,25.0,850.0,46612.0,3.0,"ackpflood,land,teardrop",0.32,0.7932174205780029,0.6996681094169617,0.48782795667648315,"ackpflood,land,teardrop"
XGBoost,hybrid_open_set,31415,7,175,1.0,0.34285714285714286,0.6580404043197632,1.0,0.0,0.9940839502359402,1.0,25.0,875.0,46587.0,3.0,"ackpflood,land,teardrop",0.28,0.8068835735321045,0.6675763130187988,0.4966738522052765,"ackpflood,land,teardrop"
XGBoost,hybrid_open_set,31415,8,200,1.0,0.335,0.680860161781311,1.0,0.0,0.9958383989081019,1.0,25.0,900.0,46562.0,3.0,"ackpflood,land,teardrop",0.28,0.7773079872131348,0.6399545073509216,0.4952087700366974,"ackpflood,land,teardrop"
XGBoost,hybrid_open_set,31415,9,225,1.0,0.3422222222222222,0.6783856749534607,1.0,0.0,0.9951316933060033,1.0,25.0,925.0,46537.0,3.0,"ackpflood,land,teardrop",0.4,0.7425708174705505,0.6551130414009094,0.5484979152679443,"ackpflood,land,teardrop"
XGBoost,hybrid_open_set,31415,10,250,1.0,0.336,0.6852018237113953,0.9999998807907104,0.0,0.9953734945021163,1.0,25.0,950.0,46512.0,3.0,"ackpflood,land,teardrop",0.28,0.8138030767440796,0.6242539286613464,0.48496732115745544,"ackpflood,land,teardrop"
XGBoost,hybrid_open_set,31415,11,275,1.0,0.33090909090909093,0.6552714109420776,1.0000001192092896,0.0,0.9962385411964846,1.0,25.0,975.0,46487.0,3.0,"ackpflood,land,teardrop",0.28,0.7528507113456726,0.6491909027099609,0.5422421097755432,"ackpflood,land,teardrop"
XGBoost,hybrid_open_set,31415,12,300,1.0,0.32666666666666666,0.6578364968299866,0.9999998807907104,0.0,0.9958639701155813,1.0,25.0,1000.0,46462.0,3.0,"ackpflood,land,teardrop",0.28,0.7650390863418579,0.6323366165161133,0.5026931166648865,"ackpflood,land,teardrop"
