model,strategy,n_seeds,full_discovery_runs,full_discovery_rate,labels_to_full_discovery_successful_mean,labels_to_full_discovery_successful_std,uadr_mean,uadr_std,unknown_query_yield_mean,unknown_query_yield_std,mean_representation_redundancy_mean,mean_representation_redundancy_std,mean_group_redundancy_mean,mean_group_redundancy_std,test_accuracy_mean,test_accuracy_std,test_macro_precision_mean,test_macro_precision_std,test_macro_recall_mean,test_macro_recall_std,test_macro_f1_mean,test_macro_f1_std,test_hidden_macro_recall_mean,test_hidden_macro_recall_std,test_land_recall_mean,test_land_recall_std,test_teardrop_recall_mean,test_teardrop_recall_std,test_ackpflood_precision_mean,test_ackpflood_precision_std,test_ackpflood_recall_mean,test_ackpflood_recall_std,test_ackflood_recall_mean,test_ackflood_recall_std,test_ack_pair_macro_f1_mean,test_ack_pair_macro_f1_std,test_binary_f1_mean,test_binary_f1_std
MLP,hybrid_open_set,3,3,1.0,25.333333333333332,30.892285984260432,1.0,0.0,0.2711111111111111,0.03404789654676569,0.17111362806624839,0.004802963370479723,0.018888888888888882,0.021169509870286277,0.8942969518190758,0.03340442054878325,0.898969417974301,0.020806550837025997,0.9055074604389088,0.02934092045884165,0.8861614348599417,0.03225864987782463,0.9985935302390999,0.0,1.0,0.0,0.9957805907172995,1.3597399555105182e-16,0.8468999848618367,0.12958715146347669,1.0,0.0,0.9213333333333334,0.03663786747797055,0.9329718404212084,0.04773399260191621,0.9947060862495608,0.00022520248306973786
MLP,random,3,3,1.0,90.66666666666667,18.0092568789868,1.0,0.0,0.08444444444444443,0.0069388866648871115,0.1195919830352068,0.006838772380141239,0.08222222222222224,0.021688023662159044,0.9039331366764994,0.0061710874502469365,0.9115029383898792,0.006953161017681077,0.9178822242570289,0.007209690435410464,0.8997123673993941,0.005129428522179275,0.9985935302390999,0.0,1.0,0.0,0.9957805907172995,1.3597399555105182e-16,0.9187274750716804,0.019168461934929208,1.0,0.0,0.9356666666666666,0.010115993936995624,0.9573803624837055,0.004093010037168833,0.9928842590409874,0.0010917075385493474
MLP,uncertainty,3,3,1.0,70.66666666666667,36.610563138708116,1.0,0.0,0.15888888888888889,0.005091750772173161,0.6105164997279644,0.027644061358171965,0.3644444444444444,0.030971910810591894,0.843166175024582,0.029301919796302662,0.820254110792826,0.02513962315311656,0.823178054237162,0.03438247676630832,0.78908892072124,0.032201064135795925,0.5605806811836963,0.18374631682751905,1.0,0.0,0.0,0.0,0.933745631280035,0.058665970342789676,0.6817420435510888,0.5512389504825572,0.9470000000000001,0.007810249675906661,0.797685841738367,0.2711305347964484,0.9941586183623716,0.000684103558375875
RandomForest,hybrid_open_set,3,3,1.0,57.333333333333336,15.044378795195676,1.0,0.0,0.31666666666666665,0.008819171036881963,0.177552355453372,0.004759366426043295,0.021111111111111112,0.008388704928078609,0.9930186823992133,0.0010359541546561533,0.9939570619263165,0.0006708410729081537,0.9937529419151777,0.001030883948525536,0.9938238629671683,0.0008697341412316109,0.9977666108319375,0.0025586687297352124,1.0,0.0,1.0,0.0,1.0,0.0,0.9932998324958123,0.007676006189205735,0.9853333333333333,0.0023094010767585054,0.9914787066308186,0.003035469296729672,0.9976743622738414,0.0005827792849775134
RandomForest,random,3,3,1.0,90.66666666666667,18.0092568789868,1.0,0.0,0.08444444444444443,0.0069388866648871115,0.12193396770291859,0.006679297594768098,0.08222222222222224,0.021688023662159044,0.9889380530973452,0.0014223673688780237,0.9901011455727916,0.0008607706712179467,0.9903356115845362,0.0012412691215635166,0.9901825376862741,0.001034048987114492,0.9981146030360347,0.00041476312441788616,0.9985632183908045,0.0012442893732535303,0.9957805907172995,1.3597399555105182e-16,0.9983333333333334,0.0028867513459481316,1.0,0.0,0.9823333333333334,0.0011547005383792527,0.9914929617699587,0.001215143727861345,0.995925870356143,0.000398309308710176
RandomForest,uncertainty,3,3,1.0,236.33333333333334,55.71654452075553,1.0,0.0,0.15333333333333332,0.03605551275463989,0.475054199496905,0.015286050937708226,0.2622222222222222,0.010183501544346255,0.9588003933136676,0.0005334939629845002,0.975591474592694,0.0005906806364637562,0.935752334677911,0.00045915120933977504,0.9248071901372215,0.0005149659703584529,0.6675147891355512,0.0009670858780395997,1.0,0.0,0.004219409282700422,0.0,1.0,0.0,0.9983249581239532,0.002901257634118735,0.9853333333333333,0.0005773502691896263,0.9940600274883639,0.0002940620898596103,0.9979011885544818,0.00032238965074672985
XGBoost,hybrid_open_set,3,3,1.0,129.0,8.660254037844387,1.0,0.0,0.33,0.003333333333333327,0.6769730018244849,0.005448520678574879,0.0033333333333333335,0.005773502691896258,0.9940511307767945,0.00030703038340207725,0.9948057751359655,0.00015196851016910937,0.9948642962590951,0.00022871535209764175,0.9948302663282217,0.0001887226567668885,1.0,0.0,1.0,0.0,1.0,0.0,1.0,0.0,1.0,0.0,0.9876666666666667,0.0023094010767585054,0.9955673955448207,0.0005279805153552047,0.9977304589056265,0.00011890374704160362
XGBoost,random,3,3,1.0,90.66666666666667,18.0092568789868,1.0,0.0,0.08444444444444443,0.0069388866648871115,0.5886554022630056,0.006164890296016025,0.08222222222222224,0.021688023662159044,0.9813176007866273,0.0004798235323486684,0.9778880302285654,0.0022741525288707165,0.9843379055327125,0.0003366782678922845,0.9807758589039328,0.001421791175477907,0.9980351829470843,0.0009670858780395356,1.0,0.0,0.9957805907172995,1.3597399555105182e-16,0.8761594744257172,0.05416014425996928,0.9983249581239532,0.002901257634118735,0.967,0.018681541692269422,0.9482051897753729,0.022804345592174667,0.9926744510169506,0.0005789274178598817
XGBoost,uncertainty,3,3,1.0,155.66666666666666,30.534133905079628,1.0,0.0,0.14222222222222222,0.04537906190369363,0.8782555543714099,0.003985903862283779,0.26999999999999996,0.04807401700618652,0.9935840707964602,0.0007663941626410781,0.9926459327385516,0.0035595382760097998,0.9944472689217445,0.0005389125604039412,0.9934664936624334,0.0021746647838920712,1.0,0.0,1.0,0.0,1.0,0.0,0.9598148148148149,0.06532051398546325,1.0,0.0,0.9843333333333333,0.0025166114784235852,0.9841673359765064,0.017628634608713084,0.997784664496742,0.00042712843110795834
