attack_type,precision,recall,f1,support,model,seed
ackflood,0.5862235067437379,0.9991789819376026,0.7389192471159685,1218,MLP,42
benign,0.8498659517426274,0.9557788944723619,0.8997161778618732,995,MLP,42
fraggle,0.9111111111111111,0.44613710554951036,0.5989773557341125,919,MLP,42
icmpbig,1.0,1.0,1.0,2385,MLP,42
icmpflood,0.9641148325358851,0.4837935174069628,0.6442845723421263,1666,MLP,42
pingofdeath,1.0,1.0,1.0,1666,MLP,42
routeip,0.9952277657266811,0.9982593559617058,0.9967412557028025,2298,MLP,42
smurf,1.0,0.5062111801242236,0.6721649484536083,966,MLP,42
tcp,0.993574297188755,0.995172968624296,0.9943729903536977,1243,MLP,42
winnuke,0.4496077248038624,0.8543577981651376,0.5891656781336496,872,MLP,42
ackflood,0.7959450621321125,0.9991789819376026,0.8860575172915909,1218,MLP,2026
benign,0.8384353741496599,0.9909547738693467,0.9083371718102257,995,MLP,2026
fraggle,0.9962025316455696,0.8563656147986942,0.9210064365125804,919,MLP,2026
icmpbig,1.0,1.0,1.0,2385,MLP,2026
icmpflood,0.7019381875327396,0.8043217286914766,0.7496503496503496,1666,MLP,2026
pingofdeath,1.0,1.0,1.0,1666,MLP,2026
routeip,0.9965232507605389,0.9978241949521323,0.9971732985431615,2298,MLP,2026
smurf,1.0,0.5062111801242236,0.6721649484536083,966,MLP,2026
tcp,0.9935794542536116,0.99597747385358,0.9947770188830856,1243,MLP,2026
winnuke,0.9972862957937585,0.8428899082568807,0.9136109384711001,872,MLP,2026
ackflood,0.8528381219341276,0.9991789819376026,0.920226843100189,1218,MLP,31415
benign,0.5237315875613748,0.964824120603015,0.6789250353606789,995,MLP,31415
fraggle,0.9389140271493213,0.4515778019586507,0.6098457016899339,919,MLP,31415
icmpbig,1.0,1.0,1.0,2385,MLP,31415
icmpflood,0.99867197875166,0.45138055222088835,0.621744522529971,1666,MLP,31415
pingofdeath,1.0,1.0,1.0,1666,MLP,31415
routeip,0.9960971379011275,0.9995648389904265,0.9978279756733276,2298,MLP,31415
smurf,1.0,0.5072463768115942,0.6730769230769231,966,MLP,31415
tcp,0.9943820224719101,0.996781979082864,0.995580554439534,1243,MLP,31415
winnuke,0.44047619047619047,0.8486238532110092,0.5799373040752351,872,MLP,31415
ackflood,0.9470817120622568,0.9991789819376026,0.9724330803036356,1218,RandomForest,42
benign,0.9107485604606526,0.9537688442211055,0.9317623956799215,995,RandomForest,42
fraggle,0.9100877192982456,0.4515778019586507,0.6036363636363636,919,RandomForest,42
icmpbig,1.0,1.0,1.0,2385,RandomForest,42
icmpflood,0.639293937068304,1.0,0.7799625468164794,1666,RandomForest,42
pingofdeath,1.0,1.0,1.0,1666,RandomForest,42
routeip,0.9991304347826087,1.0,0.9995650282731623,2298,RandomForest,42
smurf,1.0,0.5072463768115942,0.6730769230769231,966,RandomForest,42
tcp,0.9975922953451043,1.0,0.9987946966653274,1243,RandomForest,42
winnuke,0.9973404255319149,0.8600917431192661,0.9236453201970444,872,RandomForest,42
ackflood,0.9485580670303975,0.9991789819376026,0.9732107157137145,1218,RandomForest,2026
benign,0.909875359539789,0.9537688442211055,0.9313052011776252,995,RandomForest,2026
fraggle,0.9080962800875274,0.4515778019586507,0.6031976744186046,919,RandomForest,2026
icmpbig,1.0,1.0,1.0,2385,RandomForest,2026
icmpflood,0.639293937068304,1.0,0.7799625468164794,1666,RandomForest,2026
pingofdeath,1.0,1.0,1.0,1666,RandomForest,2026
routeip,0.9991304347826087,1.0,0.9995650282731623,2298,RandomForest,2026
smurf,1.0,0.5072463768115942,0.6730769230769231,966,RandomForest,2026
tcp,0.9975922953451043,1.0,0.9987946966653274,1243,RandomForest,2026
winnuke,0.9973404255319149,0.8600917431192661,0.9236453201970444,872,RandomForest,2026
ackflood,0.9545098039215686,0.9991789819376026,0.9763337344564781,1218,RandomForest,31415
benign,0.9056603773584906,0.964824120603015,0.9343065693430657,995,RandomForest,31415
fraggle,0.9284116331096197,0.4515778019586507,0.6076134699853587,919,RandomForest,31415
icmpbig,1.0,1.0,1.0,2385,RandomForest,31415
icmpflood,0.639293937068304,1.0,0.7799625468164794,1666,RandomForest,31415
pingofdeath,1.0,1.0,1.0,1666,RandomForest,31415
routeip,0.9991304347826087,1.0,0.9995650282731623,2298,RandomForest,31415
smurf,1.0,0.5072463768115942,0.6730769230769231,966,RandomForest,31415
tcp,0.9975922953451043,1.0,0.9987946966653274,1243,RandomForest,31415
winnuke,0.99734395750332,0.8612385321100917,0.9243076923076923,872,RandomForest,31415
ackflood,0.9434108527131783,0.9991789819376026,0.970494417862839,1218,XGBoost,42
benign,0.9169027384324835,0.9758793969849247,0.9454722492697176,995,XGBoost,42
fraggle,0.9620253164556962,0.4961915125136017,0.6547020818377602,919,XGBoost,42
icmpbig,1.0,1.0,1.0,2385,XGBoost,42
icmpflood,1.0,1.0,1.0,1666,XGBoost,42
pingofdeath,1.0,1.0,1.0,1666,XGBoost,42
routeip,0.9986962190352021,1.0,0.9993476842791911,2298,XGBoost,42
smurf,1.0,0.5072463768115942,0.6730769230769231,966,XGBoost,42
tcp,0.9983935742971888,1.0,0.9991961414790996,1243,XGBoost,42
winnuke,0.4570217917675545,0.8658256880733946,0.598256735340729,872,XGBoost,42
ackflood,0.9412219644238206,0.9991789819376026,0.9693349263241736,1218,XGBoost,2026
benign,0.920303605313093,0.9748743718592965,0.9468033186920449,995,XGBoost,2026
fraggle,0.9600840336134454,0.4972796517954298,0.6551971326164875,919,XGBoost,2026
icmpbig,1.0,1.0,1.0,2385,XGBoost,2026
icmpflood,1.0,1.0,1.0,1666,XGBoost,2026
pingofdeath,1.0,1.0,1.0,1666,XGBoost,2026
routeip,0.9986962190352021,1.0,0.9993476842791911,2298,XGBoost,2026
smurf,1.0,0.5072463768115942,0.6730769230769231,966,XGBoost,2026
tcp,0.9983935742971888,1.0,0.9991961414790996,1243,XGBoost,2026
winnuke,0.4576271186440678,0.8669724770642202,0.5990491283676703,872,XGBoost,2026
ackflood,0.9456099456099456,0.9991789819376026,0.9716566866267465,1218,XGBoost,31415
benign,0.9154929577464789,0.9798994974874372,0.9466019417475728,995,XGBoost,31415
fraggle,0.9702127659574468,0.4961915125136017,0.6565874730021598,919,XGBoost,31415
icmpbig,1.0,1.0,1.0,2385,XGBoost,31415
icmpflood,1.0,1.0,1.0,1666,XGBoost,31415
pingofdeath,1.0,1.0,1.0,1666,XGBoost,31415
routeip,0.9986962190352021,1.0,0.9993476842791911,2298,XGBoost,31415
smurf,1.0,0.5072463768115942,0.6730769230769231,966,XGBoost,31415
tcp,0.9991961414790996,1.0,0.9995979091274628,1243,XGBoost,31415
winnuke,0.4576783555018138,0.8681192660550459,0.599366587490103,872,XGBoost,31415
