model,seed,external_accuracy,external_macro_precision,external_macro_recall,external_macro_f1,development_rows,external_rows,development_files,external_files
MLP,42,0.8574641551869553,0.8749725189852657,0.82388898022418,0.8134342225697839,35279,14228,31,17
MLP,2026,0.9232499297160529,0.9319910156267991,0.8993723856483937,0.9042777679615703,35279,14228,31,17
MLP,31415,0.8547230812482429,0.8745111066245711,0.8219178504816049,0.8077164859945792,35279,14228,31,17
RandomForest,42,0.919243744728704,0.9401275084549086,0.8771863748048219,0.8882876354648858,35279,14228,31,17
RandomForest,2026,0.919243744728704,0.9399886799385646,0.8771863748048219,0.8882758106338879,35279,14228,31,17
RandomForest,31415,0.9200871520944617,0.9421942439089015,0.8784065813420954,0.8893960660924487,35279,14228,31,17
XGBoost,42,0.924023053134664,0.9276450492701303,0.8844321956321117,0.8840546233146261,35279,14228,31,17
XGBoost,2026,0.9240933370818105,0.9276326515326818,0.8845551859468144,0.8842005254835591,35279,14228,31,17
XGBoost,31415,0.9244447568175429,0.9286886385329988,0.8850635634805283,0.8846235205350158,35279,14228,31,17
